team_id,year,question,Biological,Chemical,Physical,Earth_and_Space,DAT,n_fields,any_field,no_answer
1,2025,learn_more,0,0,0,0,1,1,1,0
1,2025,learnt_recently,0,0,0,0,1,1,1,0
2,2025,learn_more,0,0,0,0,1,1,1,0
2,2025,learn_more,0,0,0,0,1,1,1,0
2,2025,learnt_recently,0,0,0,0,1,1,1,0
2,2025,learnt_recently,0,0,0,0,1,1,1,0
3,2025,learn_more,0,0,0,0,0,0,0,1
3,2025,learn_more,0,0,0,0,0,0,0,1
3,2025,learnt_recently,1,0,0,0,0,1,1,0
3,2025,learnt_recently,1,0,0,0,0,1,1,0
4,2025,learn_more,0,0,0,1,0,1,1,0
4,2025,learn_more,0,0,0,0,0,0,0,1
4,2025,learn_more,1,0,0,0,0,1,1,0
4,2025,learnt_recently,1,0,0,0,0,1,1,0
4,2025,learnt_recently,1,0,0,0,0,1,1,0
4,2025,learnt_recently,1,0,0,0,0,1,1,0
6,2025,learn_more,1,0,0,0,0,1,1,0
6,2025,learn_more,0,0,0,0,1,1,1,0
6,2025,learn_more,0,0,0,0,0,0,0,1
6,2025,learnt_recently,1,0,0,0,0,1,1,0
6,2025,learnt_recently,1,0,0,0,0,1,1,0
6,2025,learnt_recently,0,0,0,0,0,0,0,1
7,2025,learn_more,0,1,0,0,0,1,1,0
7,2025,learn_more,0,0,0,0,0,0,0,1
7,2025,learn_more,0,0,0,0,0,0,0,1
7,2025,learn_more,0,0,0,0,0,0,0,1
7,2025,learnt_recently,0,0,0,0,0,0,0,1
7,2025,learnt_recently,0,0,0,0,0,0,0,1
7,2025,learnt_recently,0,0,0,0,0,0,0,1
7,2025,learnt_recently,0,0,0,0,0,0,0,1
9,2025,learn_more,1,0,0,1,0,2,1,0
9,2025,learnt_recently,1,0,0,0,0,1,1,0
10,2025,learn_more,0,0,0,0,0,0,0,1
10,2025,learnt_recently,1,0,0,0,0,1,1,0
11,2025,learn_more,0,0,1,0,0,1,1,0
11,2025,learn_more,1,0,0,0,0,1,1,0
11,2025,learnt_recently,1,0,0,0,0,1,1,0
11,2025,learnt_recently,1,0,0,0,0,1,1,0
12,2025,learn_more,0,0,0,0,0,0,0,1
12,2025,learnt_recently,1,0,0,0,0,1,1,0
14,2025,learn_more,0,0,0,1,0,1,1,0
14,2025,learnt_recently,0,0,0,1,0,1,1,0
15,2025,learn_more,0,0,0,0,0,0,0,1
15,2025,learnt_recently,0,0,0,1,0,1,1,0
16,2025,learn_more,1,0,1,0,0,2,1,0
16,2025,learnt_recently,1,0,0,1,0,2,1,0
17,2025,learn_more,0,0,0,0,0,0,0,1
17,2025,learnt_recently,0,0,0,0,0,0,0,0
18,2025,learn_more,0,1,0,0,0,1,1,0
18,2025,learnt_recently,0,1,0,0,0,1,1,0
19,2025,learn_more,0,0,0,0,0,0,0,1
19,2025,learnt_recently,0,0,0,0,0,0,0,1
20,2025,learn_more,0,0,0,0,1,1,1,0
20,2025,learnt_recently,0,0,0,0,1,1,1,0
21,2025,learn_more,0,0,1,0,0,1,1,0
21,2025,learnt_recently,0,0,1,0,0,1,1,0
22,2025,learn_more,0,0,0,0,0,0,0,1
22,2025,learnt_recently,0,0,0,0,1,1,1,0
23,2025,learn_more,0,0,0,1,0,1,1,0
23,2025,learnt_recently,0,0,0,0,1,1,1,0
24,2025,learn_more,0,0,0,1,0,1,1,0
24,2025,learnt_recently,0,0,0,0,1,1,1,0
25,2025,learn_more,0,0,1,0,0,1,1,0
25,2025,learnt_recently,1,0,0,0,0,1,1,0
26,2025,learn_more,0,0,0,1,0,1,1,0
26,2025,learnt_recently,0,0,1,0,0,1,1,0
27,2025,learn_more,0,0,0,1,0,1,1,0
27,2025,learnt_recently,0,0,0,1,0,1,1,0
28,2025,learn_more,1,0,0,0,0,1,1,0
28,2025,learnt_recently,0,0,0,1,0,1,1,0
29,2025,learn_more,1,0,0,0,0,1,1,0
29,2025,learn_more,1,1,0,0,0,2,1,0
29,2025,learnt_recently,1,1,0,0,0,2,1,0
29,2025,learnt_recently,0,1,0,0,0,1,1,0
30,2025,learn_more,0,0,0,0,0,0,0,1
30,2025,learnt_recently,0,0,0,0,0,0,0,1
31,2025,learn_more,0,0,0,1,0,1,1,0
31,2025,learnt_recently,0,0,1,0,0,1,1,0
32,2025,learn_more,1,1,0,0,0,2,1,0
32,2025,learnt_recently,1,0,0,1,0,2,1,0
33,2025,learn_more,0,0,0,0,0,0,0,1
33,2025,learnt_recently,0,0,0,0,0,0,0,0
34,2025,learn_more,0,0,0,0,0,0,0,1
34,2025,learnt_recently,1,0,0,0,0,1,1,0
35,2025,learn_more,0,0,1,0,0,1,1,0
35,2025,learnt_recently,0,0,0,0,0,0,0,0
36,2025,learn_more,1,0,1,0,0,2,1,0
36,2025,learnt_recently,0,0,0,1,0,1,1,0
37,2025,learn_more,0,1,0,0,0,1,1,0
37,2025,learnt_recently,0,1,0,1,0,2,1,0
38,2025,learn_more,1,1,0,1,0,3,1,0
38,2025,learnt_recently,0,0,0,1,0,1,1,0
39,2025,learn_more,0,0,0,1,0,1,1,0
39,2025,learnt_recently,0,0,0,1,0,1,1,0
40,2025,learn_more,1,0,0,0,0,1,1,0
40,2025,learnt_recently,0,0,0,0,0,0,0,0
41,2025,learn_more,0,0,0,1,0,1,1,0
41,2025,learnt_recently,0,0,0,1,0,1,1,0
42,2025,learn_more,0,1,0,0,0,1,1,0
42,2025,learnt_recently,0,0,0,0,1,1,1,0
43,2025,learn_more,0,1,0,0,0,1,1,0
43,2025,learnt_recently,0,0,1,0,0,1,1,0
44,2025,learn_more,0,0,0,0,0,0,0,1
44,2025,learn_more,1,0,0,1,0,2,1,0
44,2025,learnt_recently,0,0,1,0,0,1,1,0
44,2025,learnt_recently,0,0,1,0,0,1,1,0
45,2025,learn_more,0,0,0,0,0,0,0,1
45,2025,learnt_recently,0,0,0,1,0,1,1,0
46,2025,learn_more,0,0,0,0,0,0,0,1
46,2025,learnt_recently,0,0,0,1,0,1,1,0
47,2025,learn_more,1,1,0,0,0,2,1,0
47,2025,learnt_recently,0,1,0,1,0,2,1,0
48,2025,learn_more,1,1,0,0,0,2,1,0
48,2025,learnt_recently,0,0,0,1,0,1,1,0
49,2025,learn_more,0,1,0,0,0,1,1,0
49,2025,learnt_recently,0,0,0,0,0,0,0,1
50,2025,learn_more,1,1,0,0,0,2,1,0
50,2025,learnt_recently,1,1,1,1,0,4,1,0
51,2025,learn_more,0,0,0,1,0,1,1,0
51,2025,learnt_recently,1,0,0,0,0,1,1,0
52,2025,learn_more,1,0,0,0,0,1,1,0
52,2025,learnt_recently,0,0,0,0,0,0,0,1
53,2025,learn_more,1,0,0,0,0,1,1,0
53,2025,learnt_recently,1,0,0,0,0,1,1,0
54,2025,learn_more,0,0,0,1,0,1,1,0
54,2025,learnt_recently,0,0,0,1,0,1,1,0
55,2025,learn_more,1,0,0,0,0,1,1,0
55,2025,learnt_recently,1,0,0,0,0,1,1,0
56,2025,learn_more,1,0,0,1,0,2,1,0
56,2025,learnt_recently,0,0,0,1,0,1,1,0
57,2025,learn_more,1,0,0,0,0,1,1,0
57,2025,learnt_recently,1,0,0,0,0,1,1,0
58,2025,learn_more,0,0,0,0,0,0,0,1
58,2025,learnt_recently,0,0,0,1,0,1,1,0
59,2025,learn_more,0,0,0,1,0,1,1,0
59,2025,learnt_recently,0,0,0,1,0,1,1,0
60,2025,learn_more,1,0,0,0,0,1,1,0
60,2025,learnt_recently,0,0,1,0,0,1,1,0
61,2025,learn_more,0,0,0,1,0,1,1,0
61,2025,learn_more,0,0,1,0,0,1,1,0
61,2025,learnt_recently,0,0,0,1,0,1,1,0
61,2025,learnt_recently,0,0,0,1,0,1,1,0
62,2025,learn_more,0,0,0,0,1,1,1,0
62,2025,learn_more,0,0,0,0,1,1,1,0
62,2025,learn_more,0,0,0,0,1,1,1,0
62,2025,learnt_recently,1,0,0,0,0,1,1,0
62,2025,learnt_recently,1,0,0,0,0,1,1,0
62,2025,learnt_recently,1,0,0,0,0,1,1,0
63,2025,learn_more,0,0,0,1,0,1,1,0
63,2025,learnt_recently,0,0,0,1,0,1,1,0
64,2025,learn_more,0,0,0,1,0,1,1,0
64,2025,learnt_recently,0,0,0,1,0,1,1,0
65,2025,learn_more,0,0,0,0,0,0,0,1
65,2025,learnt_recently,0,1,0,0,0,1,1,0
66,2025,learn_more,1,0,0,0,0,1,1,0
66,2025,learnt_recently,0,0,0,0,0,0,0,1
67,2025,learn_more,0,1,0,0,0,1,1,0
67,2025,learnt_recently,0,1,0,0,0,1,1,0
68,2025,learn_more,0,0,1,0,0,1,1,0
68,2025,learnt_recently,0,1,0,0,0,1,1,0
69,2025,learn_more,0,0,1,0,0,1,1,0
69,2025,learnt_recently,0,0,0,0,1,1,1,0
70,2025,learn_more,0,0,0,0,0,0,0,1
70,2025,learnt_recently,0,0,0,0,0,0,0,1
71,2025,learn_more,0,0,0,1,0,1,1,0
71,2025,learnt_recently,0,0,0,1,0,1,1,0
72,2025,learn_more,0,0,0,0,0,0,0,1
72,2025,learnt_recently,0,0,0,1,0,1,1,0
73,2025,learn_more,0,0,0,0,1,1,1,0
73,2025,learnt_recently,0,0,0,1,0,1,1,0
74,2025,learn_more,1,0,0,0,0,1,1,0
74,2025,learnt_recently,0,0,0,1,0,1,1,0
75,2025,learn_more,0,1,0,0,0,1,1,0
75,2025,learnt_recently,0,0,0,1,0,1,1,0
76,2025,learn_more,0,0,0,1,0,1,1,0
76,2025,learnt_recently,0,0,0,1,0,1,1,0
77,2025,learn_more,0,1,0,0,0,1,1,0
77,2025,learnt_recently,0,1,0,0,0,1,1,0
78,2025,learn_more,0,0,0,0,0,0,0,1
78,2025,learnt_recently,1,0,0,0,0,1,1,0
79,2025,learn_more,0,0,0,0,0,0,0,0
79,2025,learn_more,0,1,0,0,0,1,1,0
79,2025,learnt_recently,0,1,0,0,0,1,1,0
79,2025,learnt_recently,0,1,0,0,0,1,1,0
80,2025,learn_more,0,0,0,1,0,1,1,0
80,2025,learn_more,0,1,0,0,0,1,1,0
80,2025,learnt_recently,0,1,0,0,0,1,1,0
80,2025,learnt_recently,0,0,0,0,0,0,0,1
81,2025,learn_more,0,0,0,0,0,0,0,1
81,2025,learnt_recently,0,0,0,0,0,0,0,1
82,2025,learn_more,0,0,0,0,0,0,0,1
82,2025,learn_more,0,0,0,1,0,1,1,0
82,2025,learnt_recently,0,1,0,0,0,1,1,0
82,2025,learnt_recently,0,0,0,1,0,1,1,0
83,2025,learn_more,0,0,0,0,0,0,0,1
83,2025,learnt_recently,0,0,0,0,0,0,0,1
84,2025,learn_more,0,0,0,0,0,0,0,1
84,2025,learnt_recently,0,1,0,0,0,1,1,0
85,2025,learn_more,0,1,0,0,0,1,1,0
85,2025,learnt_recently,0,1,0,0,0,1,1,0
86,2025,learn_more,0,1,0,0,0,1,1,0
86,2025,learnt_recently,0,1,0,0,0,1,1,0
87,2025,learn_more,1,0,0,0,0,1,1,0
87,2025,learnt_recently,1,0,0,0,0,1,1,0
88,2025,learn_more,0,1,1,0,0,2,1,0
88,2025,learnt_recently,1,0,0,0,0,1,1,0
89,2025,learn_more,0,0,0,0,0,0,0,1
89,2025,learnt_recently,1,0,0,0,0,1,1,0
90,2025,learn_more,0,0,0,0,0,0,0,1
90,2025,learnt_recently,0,0,0,0,0,0,0,1
91,2025,learn_more,0,0,0,0,0,0,0,1
91,2025,learnt_recently,0,0,0,0,0,0,0,1
93,2025,learn_more,0,0,1,0,0,1,1,0
93,2025,learnt_recently,0,0,0,0,1,1,1,0
94,2025,learn_more,0,1,0,0,0,1,1,0
94,2025,learnt_recently,0,0,0,0,1,1,1,0
95,2025,learn_more,0,0,1,0,0,1,1,0
95,2025,learnt_recently,0,0,0,1,0,1,1,0
96,2025,learn_more,0,1,1,0,0,2,1,0
96,2025,learnt_recently,0,0,0,1,0,1,1,0
97,2025,learn_more,0,0,1,0,0,1,1,0
97,2025,learnt_recently,1,0,0,1,0,2,1,0
98,2025,learn_more,1,1,0,0,0,2,1,0
98,2025,learnt_recently,0,0,1,0,0,1,1,0
99,2025,learn_more,1,1,1,0,1,4,1,0
99,2025,learnt_recently,0,0,1,0,0,1,1,0
100,2025,learn_more,0,1,0,1,0,2,1,0
100,2025,learnt_recently,0,0,1,0,1,2,1,0
101,2025,learn_more,0,0,0,0,0,0,0,1
101,2025,learnt_recently,0,0,0,0,0,0,0,1
102,2025,learn_more,0,0,1,1,0,2,1,0
102,2025,learnt_recently,0,0,0,1,0,1,1,0
104,2025,learn_more,0,0,0,1,0,1,1,0
104,2025,learnt_recently,0,0,0,1,0,1,1,0
105,2025,learn_more,1,0,0,1,0,2,1,0
105,2025,learnt_recently,0,0,0,1,0,1,1,0
106,2025,learn_more,1,0,0,0,0,1,1,0
106,2025,learnt_recently,0,1,0,0,0,1,1,0
107,2025,learn_more,0,0,1,0,0,1,1,0
107,2025,learnt_recently,0,0,0,1,0,1,1,0
108,2025,learn_more,0,1,1,0,0,2,1,0
108,2025,learnt_recently,1,0,0,1,0,2,1,0
109,2025,learn_more,0,1,0,0,0,1,1,0
109,2025,learnt_recently,0,0,0,1,0,1,1,0
110,2025,learn_more,0,0,0,1,0,1,1,0
110,2025,learnt_recently,0,0,1,0,0,1,1,0
111,2025,learn_more,0,0,0,0,1,1,1,0
111,2025,learnt_recently,0,0,1,0,0,1,1,0
112,2025,learn_more,0,0,1,0,0,1,1,0
112,2025,learnt_recently,0,0,1,0,0,1,1,0
113,2025,learn_more,1,0,0,0,0,1,1,0
113,2025,learnt_recently,0,0,1,0,0,1,1,0
114,2025,learn_more,0,0,1,0,0,1,1,0
114,2025,learnt_recently,0,0,0,1,0,1,1,0
115,2025,learn_more,0,0,0,0,0,0,0,1
115,2025,learnt_recently,0,0,0,0,1,1,1,0
116,2025,learn_more,1,0,0,0,0,1,1,0
116,2025,learn_more,1,0,0,0,0,1,1,0
116,2025,learn_more,1,0,0,0,0,1,1,0
116,2025,learn_more,1,0,0,0,0,1,1,0
116,2025,learnt_recently,1,0,0,1,0,2,1,0
116,2025,learnt_recently,1,0,0,1,0,2,1,0
116,2025,learnt_recently,1,0,0,1,0,2,1,0
116,2025,learnt_recently,0,0,0,1,0,1,1,0
117,2025,learn_more,0,0,0,0,0,0,0,1
117,2025,learn_more,0,0,0,1,0,1,1,0
117,2025,learn_more,0,0,0,0,0,0,0,1
117,2025,learn_more,0,0,0,1,0,1,1,0
117,2025,learnt_recently,0,1,0,0,0,1,1,0
117,2025,learnt_recently,0,1,0,0,0,1,1,0
117,2025,learnt_recently,0,1,0,0,0,1,1,0
117,2025,learnt_recently,0,1,0,0,0,1,1,0
118,2025,learn_more,1,0,0,0,0,1,1,0
118,2025,learnt_recently,1,0,0,0,0,1,1,0
119,2025,learn_more,1,0,0,0,0,1,1,0
119,2025,learnt_recently,1,0,0,0,0,1,1,0
120,2025,learn_more,0,0,0,0,0,0,0,1
120,2025,learnt_recently,0,0,0,0,0,0,0,1
121,2025,learn_more,0,1,1,0,0,2,1,0
121,2025,learnt_recently,0,0,0,0,0,0,0,1
122,2025,learn_more,0,0,0,0,0,0,0,1
122,2025,learnt_recently,0,0,0,0,1,1,1,0
123,2025,learn_more,0,1,0,0,0,1,1,0
123,2025,learnt_recently,0,0,0,0,1,1,1,0
124,2025,learn_more,1,0,0,1,0,2,1,0
124,2025,learnt_recently,0,0,0,1,0,1,1,0
125,2025,learn_more,1,0,0,0,0,1,1,0
125,2025,learnt_recently,0,0,0,0,0,0,0,1
126,2025,learn_more,1,0,0,0,0,1,1,0
126,2025,learnt_recently,1,0,0,0,0,1,1,0
127,2025,learn_more,0,1,0,0,0,1,1,0
127,2025,learnt_recently,1,0,0,0,0,1,1,0
128,2025,learn_more,0,0,0,0,1,1,1,0
128,2025,learnt_recently,1,0,0,0,0,1,1,0
129,2025,learn_more,0,0,0,0,0,0,0,1
129,2025,learnt_recently,0,0,1,0,0,1,1,0
130,2025,learn_more,0,0,0,1,0,1,1,0
130,2025,learn_more,0,1,0,0,0,1,1,0
130,2025,learnt_recently,1,0,0,0,0,1,1,0
130,2025,learnt_recently,1,0,0,0,0,1,1,0
131,2025,learn_more,0,1,0,0,0,1,1,0
131,2025,learn_more,0,1,0,0,0,1,1,0
131,2025,learn_more,0,1,0,0,0,1,1,0
131,2025,learnt_recently,0,0,0,0,0,0,0,1
131,2025,learnt_recently,0,0,0,0,0,0,0,1
131,2025,learnt_recently,0,0,0,0,0,0,0,1
132,2025,learn_more,0,0,0,0,0,0,0,1
132,2025,learnt_recently,0,0,0,0,0,0,0,1
133,2025,learn_more,1,1,1,0,0,3,1,0
133,2025,learnt_recently,1,0,0,0,0,1,1,0
134,2025,learn_more,0,0,0,0,0,0,0,1
134,2025,learn_more,0,1,0,0,0,1,1,0
134,2025,learnt_recently,0,0,0,0,0,0,0,1
134,2025,learnt_recently,1,0,0,0,0,1,1,0
135,2025,learn_more,0,1,0,0,0,1,1,0
135,2025,learn_more,0,1,0,0,0,1,1,0
135,2025,learnt_recently,0,0,0,0,0,0,0,1
135,2025,learnt_recently,0,0,0,0,0,0,0,1
136,2025,learn_more,0,0,0,0,0,0,0,1
136,2025,learnt_recently,0,0,0,0,0,0,0,1
137,2025,learn_more,1,0,0,0,0,1,1,0
137,2025,learn_more,0,0,0,0,0,0,0,1
137,2025,learn_more,0,0,0,0,1,1,1,0
137,2025,learnt_recently,0,0,1,0,0,1,1,0
137,2025,learnt_recently,0,0,1,0,0,1,1,0
137,2025,learnt_recently,0,0,1,0,0,1,1,0
138,2025,learn_more,0,0,0,1,0,1,1,0
138,2025,learnt_recently,0,0,0,1,0,1,1,0
139,2025,learn_more,1,0,0,0,0,1,1,0
139,2025,learnt_recently,0,0,0,0,0,0,0,0
140,2025,learn_more,0,0,1,0,0,1,1,0
140,2025,learnt_recently,0,0,0,1,0,1,1,0
142,2025,learn_more,0,0,0,0,0,0,0,1
142,2025,learnt_recently,0,0,1,0,0,1,1,0
143,2025,learn_more,0,0,0,0,1,1,1,0
143,2025,learnt_recently,0,0,0,1,0,1,1,0
144,2025,learn_more,0,0,0,0,0,0,0,1
144,2025,learnt_recently,0,0,0,1,0,1,1,0
145,2025,learn_more,0,0,0,0,1,1,1,0
145,2025,learn_more,0,0,0,0,1,1,1,0
145,2025,learn_more,0,0,0,0,0,0,0,1
145,2025,learnt_recently,0,0,0,1,0,1,1,0
145,2025,learnt_recently,0,0,0,1,0,1,1,0
145,2025,learnt_recently,0,0,0,1,0,1,1,0
146,2025,learn_more,0,0,0,1,0,1,1,0
146,2025,learn_more,0,1,1,1,0,3,1,0
146,2025,learn_more,0,0,0,1,0,1,1,0
146,2025,learnt_recently,0,0,1,0,0,1,1,0
146,2025,learnt_recently,0,0,1,0,0,1,1,0
146,2025,learnt_recently,0,0,1,0,0,1,1,0
147,2025,learn_more,0,0,1,0,1,2,1,0
147,2025,learn_more,0,0,1,0,1,2,1,0
147,2025,learn_more,0,0,1,0,0,1,1,0
147,2025,learnt_recently,0,0,1,0,1,2,1,0
147,2025,learnt_recently,0,0,0,1,0,1,1,0
147,2025,learnt_recently,0,0,0,1,0,1,1,0
148,2025,learn_more,1,0,0,0,0,1,1,0
148,2025,learn_more,1,0,0,0,0,1,1,0
148,2025,learn_more,1,0,0,0,0,1,1,0
148,2025,learnt_recently,0,0,1,0,0,1,1,0
148,2025,learnt_recently,0,0,1,0,0,1,1,0
148,2025,learnt_recently,0,0,1,0,0,1,1,0
149,2025,learn_more,0,0,0,1,0,1,1,0
149,2025,learnt_recently,0,0,1,0,0,1,1,0
150,2025,learn_more,0,1,0,0,0,1,1,0
150,2025,learnt_recently,0,0,1,0,0,1,1,0
151,2025,learn_more,0,0,0,1,0,1,1,0
151,2025,learnt_recently,0,0,1,0,0,1,1,0
152,2025,learn_more,0,0,0,0,0,0,0,1
152,2025,learn_more,0,0,0,0,0,0,0,1
152,2025,learnt_recently,0,0,0,0,0,0,0,1
152,2025,learnt_recently,0,0,0,1,0,1,1,0
153,2025,learn_more,0,0,0,1,0,1,1,0
153,2025,learnt_recently,0,0,1,0,0,1,1,0
154,2025,learn_more,0,0,0,0,1,1,1,0
154,2025,learnt_recently,0,0,1,0,1,2,1,0
155,2025,learn_more,0,0,0,0,0,0,0,0
155,2025,learn_more,0,0,0,0,0,0,0,0
155,2025,learn_more,0,0,0,1,0,1,1,0
155,2025,learnt_recently,0,0,0,1,0,1,1,0
155,2025,learnt_recently,0,0,0,1,0,1,1,0
155,2025,learnt_recently,0,0,0,1,0,1,1,0
156,2025,learn_more,0,0,1,0,0,1,1,0
156,2025,learnt_recently,0,0,1,0,0,1,1,0
157,2025,learn_more,1,0,0,1,0,2,1,0
157,2025,learnt_recently,0,0,0,1,0,1,1,0
158,2025,learn_more,0,1,0,0,0,1,1,0
158,2025,learn_more,0,1,0,0,0,1,1,0
158,2025,learn_more,0,1,0,0,0,1,1,0
158,2025,learnt_recently,0,0,0,0,0,0,0,1
158,2025,learnt_recently,0,0,0,0,0,0,0,1
158,2025,learnt_recently,0,0,0,0,0,0,0,1
159,2025,learn_more,0,0,0,1,0,1,1,0
159,2025,learn_more,1,0,0,1,0,2,1,0
159,2025,learnt_recently,0,0,0,1,0,1,1,0
159,2025,learnt_recently,0,0,0,1,0,1,1,0
160,2025,learn_more,0,0,0,0,0,0,0,1
160,2025,learnt_recently,0,0,0,0,0,0,0,1
161,2025,learn_more,0,1,0,0,0,1,1,0
161,2025,learnt_recently,0,0,1,0,0,1,1,0
162,2025,learn_more,0,0,0,1,0,1,1,0
162,2025,learnt_recently,1,0,0,1,0,2,1,0
163,2023,learn_more,0,0,0,0,0,0,0,1
163,2023,learnt_recently,0,0,0,0,0,0,0,1
164,2023,learn_more,0,0,0,1,0,1,1,0
164,2023,learnt_recently,0,0,0,0,0,0,0,1
165,2023,learn_more,0,1,1,0,0,2,1,0
165,2023,learnt_recently,0,0,0,0,0,0,0,1
166,2023,learn_more,0,1,0,0,0,1,1,0
166,2023,learnt_recently,0,0,0,0,0,0,0,1
167,2023,learn_more,0,1,0,0,0,1,1,0
167,2023,learnt_recently,0,0,0,0,0,0,0,1
168,2023,learn_more,0,0,0,0,1,1,1,0
168,2023,learnt_recently,0,0,0,0,0,0,0,1
169,2024,learn_more,0,0,0,0,0,0,0,1
169,2024,learnt_recently,0,0,1,0,0,1,1,0
170,2024,learn_more,0,0,0,1,1,2,1,0
170,2024,learnt_recently,0,0,0,0,1,1,1,0
171,2023,learn_more,1,0,0,0,0,1,1,0
171,2023,learnt_recently,0,0,0,0,0,0,0,1
172,2023,learn_more,1,0,0,0,0,1,1,0
172,2023,learnt_recently,0,0,0,0,0,0,0,1
173,2023,learn_more,0,0,1,0,0,1,1,0
173,2023,learnt_recently,0,0,0,0,0,0,0,1
174,2023,learn_more,0,0,1,0,0,1,1,0
174,2023,learnt_recently,0,0,0,0,0,0,0,1
175,2023,learn_more,0,0,0,1,0,1,1,0
175,2023,learnt_recently,0,0,0,0,0,0,0,1
176,2023,learn_more,0,0,0,0,0,0,0,1
176,2023,learnt_recently,0,0,0,0,0,0,0,1
177,2023,learn_more,0,0,0,0,0,0,0,0
177,2023,learnt_recently,0,0,0,0,0,0,0,1
178,2023,learn_more,0,0,0,0,0,0,0,1
178,2023,learnt_recently,0,0,0,0,0,0,0,1
179,2023,learn_more,0,0,0,1,0,1,1,0
179,2023,learnt_recently,0,0,0,0,0,0,0,1
180,2023,learn_more,1,1,0,0,0,2,1,0
180,2023,learnt_recently,0,0,0,0,0,0,0,1
181,2023,learn_more,0,0,0,1,0,1,1,0
181,2023,learnt_recently,0,0,0,0,0,0,0,1
182,2023,learn_more,0,0,1,0,0,1,1,0
182,2023,learnt_recently,0,0,0,0,0,0,0,1
183,2023,learn_more,0,0,0,1,0,1,1,0
183,2023,learnt_recently,0,0,0,0,0,0,0,1
184,2023,learn_more,0,1,0,0,0,1,1,0
184,2023,learnt_recently,0,0,0,0,0,0,0,1
185,2023,learn_more,0,0,0,1,0,1,1,0
185,2023,learnt_recently,0,0,0,0,0,0,0,1
186,2023,learn_more,0,0,0,1,0,1,1,0
186,2023,learnt_recently,0,0,0,0,0,0,0,1
187,2023,learn_more,0,0,0,1,0,1,1,0
187,2023,learnt_recently,0,0,0,0,0,0,0,1
188,2023,learn_more,1,1,1,1,0,4,1,0
188,2023,learnt_recently,0,0,0,0,0,0,0,1
189,2024,learn_more,0,0,0,1,0,1,1,0
189,2024,learnt_recently,0,0,0,1,0,1,1,0
190,2024,learn_more,0,0,1,1,0,2,1,0
190,2024,learnt_recently,0,0,0,1,0,1,1,0
191,2024,learn_more,0,0,0,1,0,1,1,0
191,2024,learnt_recently,0,0,1,0,0,1,1,0
192,2024,learn_more,0,0,0,1,0,1,1,0
192,2024,learnt_recently,0,0,0,1,0,1,1,0
193,2024,learn_more,0,1,0,1,0,2,1,0
193,2024,learnt_recently,0,1,0,1,0,2,1,0
194,2024,learn_more,0,0,0,1,0,1,1,0
194,2024,learnt_recently,0,0,0,1,0,1,1,0
195,2024,learn_more,0,0,0,1,0,1,1,0
195,2024,learnt_recently,0,0,1,0,0,1,1,0
196,2024,learn_more,1,0,0,0,0,1,1,0
196,2024,learnt_recently,0,0,1,0,0,1,1,0
197,2024,learn_more,1,0,0,0,0,1,1,0
197,2024,learnt_recently,0,1,0,0,0,1,1,0
198,2023,learn_more,0,1,0,0,0,1,1,0
198,2023,learnt_recently,0,0,0,0,0,0,0,1
199,2023,learn_more,0,0,0,1,0,1,1,0
199,2023,learnt_recently,0,0,0,0,0,0,0,1
200,2023,learn_more,0,0,1,0,0,1,1,0
200,2023,learnt_recently,0,0,0,0,0,0,0,1
201,2023,learn_more,0,1,0,0,0,1,1,0
201,2023,learnt_recently,0,0,0,0,0,0,0,1
202,2023,learn_more,0,1,0,0,0,1,1,0
202,2023,learnt_recently,0,0,0,0,0,0,0,1
203,2023,learn_more,1,0,0,0,0,1,1,0
203,2023,learnt_recently,0,0,0,0,0,0,0,1
204,2023,learn_more,0,0,0,1,0,1,1,0
204,2023,learnt_recently,0,0,0,0,0,0,0,1
205,2023,learn_more,0,0,0,1,0,1,1,0
205,2023,learnt_recently,0,0,0,0,0,0,0,1
206,2023,learn_more,0,1,0,0,0,1,1,0
206,2023,learnt_recently,0,0,0,0,0,0,0,1
207,2023,learn_more,0,1,0,0,0,1,1,0
207,2023,learnt_recently,0,0,0,0,0,0,0,1
208,2023,learn_more,0,0,0,1,0,1,1,0
208,2023,learnt_recently,0,0,0,0,0,0,0,1
209,2023,learn_more,0,0,0,1,0,1,1,0
209,2023,learnt_recently,0,0,0,0,0,0,0,1
210,2023,learn_more,0,1,0,0,0,1,1,0
210,2023,learnt_recently,0,0,0,0,0,0,0,1
211,2024,learn_more,0,1,1,1,0,3,1,0
211,2024,learnt_recently,0,0,0,0,0,0,0,0
212,2024,learn_more,0,1,0,0,0,1,1,0
212,2024,learnt_recently,1,0,0,0,0,1,1,0
213,2024,learn_more,1,1,0,1,0,3,1,0
213,2024,learnt_recently,1,0,1,0,0,2,1,0
214,2024,learn_more,0,0,0,0,0,0,0,0
214,2024,learnt_recently,1,1,0,0,0,2,1,0
215,2024,learn_more,0,0,0,1,0,1,1,0
215,2024,learnt_recently,1,0,0,0,0,1,1,0
216,2024,learn_more,0,1,0,0,0,1,1,0
216,2024,learnt_recently,1,0,0,0,0,1,1,0
217,2023,learn_more,0,0,0,1,0,1,1,0
217,2023,learnt_recently,0,0,0,0,0,0,0,1
218,2023,learn_more,1,0,0,1,0,2,1,0
218,2023,learnt_recently,0,0,0,0,0,0,0,1
219,2023,learn_more,0,0,0,1,0,1,1,0
219,2023,learnt_recently,0,0,0,0,0,0,0,1
220,2023,learn_more,0,0,0,1,0,1,1,0
220,2023,learnt_recently,0,0,0,0,0,0,0,1
221,2024,learn_more,1,0,0,0,0,1,1,0
221,2024,learnt_recently,1,0,0,0,0,1,1,0
222,2023,learn_more,1,0,0,1,0,2,1,0
222,2023,learnt_recently,0,0,0,0,0,0,0,1
223,2023,learn_more,1,0,0,0,0,1,1,0
223,2023,learnt_recently,0,0,0,0,0,0,0,1
224,2023,learn_more,0,0,0,0,0,0,0,0
224,2023,learnt_recently,0,0,0,0,0,0,0,1
225,2023,learn_more,0,1,0,0,0,1,1,0
225,2023,learnt_recently,0,0,0,0,0,0,0,1
226,2023,learn_more,1,0,0,0,0,1,1,0
226,2023,learnt_recently,0,0,0,0,0,0,0,1
227,2023,learn_more,1,0,0,0,0,1,1,0
227,2023,learnt_recently,0,0,0,0,0,0,0,1
228,2023,learn_more,0,1,0,0,0,1,1,0
228,2023,learnt_recently,0,0,0,0,0,0,0,1
229,2024,learn_more,1,0,0,1,0,2,1,0
229,2024,learnt_recently,1,0,0,0,0,1,1,0
230,2024,learn_more,0,0,0,1,0,1,1,0
230,2024,learnt_recently,1,0,0,0,0,1,1,0
231,2024,learn_more,1,0,0,1,0,2,1,0
231,2024,learnt_recently,1,0,0,1,0,2,1,0
232,2024,learn_more,1,0,0,0,0,1,1,0
232,2024,learnt_recently,1,0,0,1,0,2,1,0
233,2023,learn_more,0,1,0,1,0,2,1,0
233,2023,learnt_recently,0,0,0,0,0,0,0,1
234,2023,learn_more,1,1,0,1,0,3,1,0
234,2023,learnt_recently,0,0,0,0,0,0,0,1
235,2023,learn_more,0,0,1,1,0,2,1,0
235,2023,learnt_recently,0,0,0,0,0,0,0,1
236,2023,learn_more,0,0,0,1,0,1,1,0
236,2023,learnt_recently,0,0,0,0,0,0,0,1
237,2023,learn_more,1,0,0,0,0,1,1,0
237,2023,learnt_recently,0,0,0,0,0,0,0,1
238,2023,learn_more,0,0,0,0,0,0,0,1
238,2023,learnt_recently,0,0,0,0,0,0,0,1
239,2023,learn_more,0,0,0,0,0,0,0,1
239,2023,learnt_recently,0,0,0,0,0,0,0,1
240,2023,learn_more,1,1,0,0,0,2,1,0
240,2023,learnt_recently,0,0,0,0,0,0,0,1
241,2023,learn_more,1,0,0,0,0,1,1,0
241,2023,learnt_recently,0,0,0,0,0,0,0,1
242,2023,learn_more,1,0,0,0,0,1,1,0
242,2023,learnt_recently,0,0,0,0,0,0,0,1
243,2023,learn_more,1,0,0,0,0,1,1,0
243,2023,learnt_recently,0,0,0,0,0,0,0,1
244,2023,learn_more,1,0,0,0,0,1,1,0
244,2023,learnt_recently,0,0,0,0,0,0,0,1
245,2024,learn_more,0,0,0,1,0,1,1,0
245,2024,learnt_recently,0,0,1,1,0,2,1,0
246,2024,learn_more,0,0,0,1,0,1,1,0
246,2024,learnt_recently,0,0,0,1,0,1,1,0
247,2024,learn_more,0,0,0,0,0,0,0,1
247,2024,learnt_recently,0,0,0,1,0,1,1,0
248,2024,learn_more,0,0,0,1,0,1,1,0
248,2024,learnt_recently,0,0,0,0,0,0,0,1
249,2024,learn_more,0,0,0,1,0,1,1,0
249,2024,learnt_recently,0,0,0,1,0,1,1,0
250,2024,learn_more,0,0,0,1,0,1,1,0
250,2024,learnt_recently,0,0,0,1,0,1,1,0
251,2024,learn_more,0,1,0,0,0,1,1,0
251,2024,learnt_recently,0,0,0,1,0,1,1,0
252,2024,learn_more,0,0,0,0,0,0,0,1
252,2024,learnt_recently,1,0,0,0,0,1,1,0
253,2024,learn_more,1,0,0,0,0,1,1,0
253,2024,learnt_recently,0,0,0,1,0,1,1,0
254,2024,learn_more,1,0,1,0,1,3,1,0
254,2024,learnt_recently,0,0,0,0,0,0,0,1
255,2023,learn_more,0,0,1,0,0,1,1,0
255,2023,learnt_recently,0,0,0,0,0,0,0,1
256,2023,learn_more,0,0,0,1,0,1,1,0
256,2023,learnt_recently,0,0,0,0,0,0,0,1
257,2023,learn_more,0,0,1,1,0,2,1,0
257,2023,learnt_recently,0,0,0,0,0,0,0,1
258,2024,learn_more,0,1,0,0,0,1,1,0
258,2024,learnt_recently,0,1,0,0,0,1,1,0
259,2024,learn_more,1,1,1,0,0,3,1,0
259,2024,learnt_recently,0,1,0,0,0,1,1,0
260,2023,learn_more,0,0,0,1,0,1,1,0
260,2023,learnt_recently,0,0,0,0,0,0,0,1
261,2023,learn_more,0,0,1,0,0,1,1,0
261,2023,learnt_recently,0,0,0,0,0,0,0,1
262,2023,learn_more,1,0,0,1,0,2,1,0
262,2023,learnt_recently,0,0,0,0,0,0,0,1
263,2024,learn_more,0,0,0,1,0,1,1,0
263,2024,learnt_recently,0,0,0,1,0,1,1,0
264,2024,learn_more,0,0,0,1,0,1,1,0
264,2024,learnt_recently,0,0,0,1,0,1,1,0
265,2024,learn_more,0,0,0,1,0,1,1,0
265,2024,learnt_recently,0,0,0,1,0,1,1,0
266,2023,learn_more,1,0,0,1,1,3,1,0
266,2023,learnt_recently,0,0,0,0,0,0,0,1
267,2023,learn_more,1,0,0,1,0,2,1,0
267,2023,learnt_recently,0,0,0,0,0,0,0,1
268,2024,learn_more,0,0,0,1,0,1,1,0
268,2024,learnt_recently,0,0,0,0,0,0,0,1
269,2024,learn_more,0,0,0,1,0,1,1,0
269,2024,learnt_recently,0,1,0,0,0,1,1,0
270,2024,learn_more,0,0,0,1,0,1,1,0
270,2024,learnt_recently,0,0,0,1,0,1,1,0
271,2024,learn_more,0,1,0,1,0,2,1,0
271,2024,learnt_recently,0,0,1,0,0,1,1,0
272,2024,learn_more,0,0,0,1,0,1,1,0
272,2024,learnt_recently,0,1,0,0,0,1,1,0
273,2024,learn_more,0,1,0,0,0,1,1,0
273,2024,learnt_recently,0,0,0,0,0,0,0,0
274,2023,learn_more,0,1,0,0,0,1,1,0
274,2023,learnt_recently,0,0,0,0,0,0,0,1
275,2023,learn_more,0,1,0,0,0,1,1,0
275,2023,learnt_recently,0,0,0,0,0,0,0,1
276,2024,learn_more,0,0,0,1,1,2,1,0
276,2024,learnt_recently,0,0,0,1,0,1,1,0
277,2024,learn_more,0,0,0,1,0,1,1,0
277,2024,learnt_recently,0,0,1,0,0,1,1,0
278,2024,learn_more,0,1,0,0,0,1,1,0
278,2024,learnt_recently,0,0,1,0,0,1,1,0
279,2024,learn_more,0,0,1,0,1,2,1,0
279,2024,learnt_recently,0,0,1,0,0,1,1,0
280,2024,learn_more,0,0,0,0,1,1,1,0
280,2024,learnt_recently,0,1,0,0,0,1,1,0
281,2024,learn_more,0,1,0,0,0,1,1,0
281,2024,learnt_recently,0,0,0,0,0,0,0,1
282,2024,learn_more,0,0,0,0,1,1,1,0
282,2024,learnt_recently,0,0,1,0,0,1,1,0
283,2024,learn_more,0,1,1,0,0,2,1,0
283,2024,learnt_recently,0,0,1,0,0,1,1,0
284,2024,learn_more,0,0,1,1,1,3,1,0
284,2024,learnt_recently,0,0,0,0,1,1,1,0
285,2024,learn_more,0,0,0,1,0,1,1,0
285,2024,learnt_recently,1,0,0,1,0,2,1,0
286,2024,learn_more,0,1,0,0,0,1,1,0
286,2024,learnt_recently,0,0,0,0,0,0,0,0
287,2024,learn_more,0,0,1,1,0,2,1,0
287,2024,learnt_recently,0,1,0,0,0,1,1,0
288,2024,learn_more,0,1,0,0,0,1,1,0
288,2024,learnt_recently,1,0,0,0,0,1,1,0
289,2024,learn_more,0,0,0,1,0,1,1,0
289,2024,learnt_recently,0,0,0,0,0,0,0,0
290,2024,learn_more,0,0,0,1,0,1,1,0
290,2024,learnt_recently,0,1,0,0,0,1,1,0
291,2024,learn_more,0,0,0,0,0,0,0,0
291,2024,learnt_recently,0,0,0,1,0,1,1,0
292,2023,learn_more,0,0,1,0,0,1,1,0
292,2023,learnt_recently,0,0,0,0,0,0,0,1
293,2023,learn_more,0,1,0,0,0,1,1,0
293,2023,learnt_recently,0,0,0,0,0,0,0,1
294,2024,learn_more,0,0,0,1,0,1,1,0
294,2024,learnt_recently,0,0,0,1,0,1,1,0
295,2024,learn_more,1,1,0,1,0,3,1,0
295,2024,learnt_recently,1,0,0,0,0,1,1,0
296,2024,learn_more,0,0,1,0,0,1,1,0
296,2024,learnt_recently,1,0,0,0,0,1,1,0
297,2024,learn_more,0,0,0,1,0,1,1,0
297,2024,learnt_recently,1,0,0,0,0,1,1,0
298,2024,learn_more,0,0,0,0,0,0,0,1
298,2024,learnt_recently,1,0,0,0,0,1,1,0
299,2024,learn_more,0,0,0,1,0,1,1,0
299,2024,learnt_recently,1,0,0,1,0,2,1,0
300,2024,learn_more,1,0,0,0,0,1,1,0
300,2024,learnt_recently,1,0,0,0,0,1,1,0
301,2024,learn_more,1,0,0,0,0,1,1,0
301,2024,learnt_recently,1,0,0,0,0,1,1,0
302,2024,learn_more,0,0,1,0,0,1,1,0
302,2024,learnt_recently,1,0,0,0,0,1,1,0
303,2024,learn_more,0,0,1,0,0,1,1,0
303,2024,learnt_recently,1,0,0,0,0,1,1,0
304,2024,learn_more,0,1,0,0,0,1,1,0
304,2024,learnt_recently,0,1,0,0,0,1,1,0
305,2024,learn_more,0,0,0,1,0,1,1,0
305,2024,learnt_recently,1,0,0,0,0,1,1,0
306,2024,learn_more,0,1,0,0,0,1,1,0
306,2024,learnt_recently,1,0,0,0,0,1,1,0
307,2024,learn_more,1,0,0,0,0,1,1,0
307,2024,learnt_recently,1,0,0,0,0,1,1,0
308,2024,learn_more,0,0,0,1,0,1,1,0
308,2024,learnt_recently,1,0,0,0,0,1,1,0
309,2024,learn_more,0,0,0,1,0,1,1,0
309,2024,learnt_recently,1,0,0,0,0,1,1,0
310,2024,learn_more,0,0,0,1,0,1,1,0
310,2024,learnt_recently,1,0,0,0,0,1,1,0
311,2024,learn_more,0,0,0,0,0,0,0,0
311,2024,learnt_recently,0,1,0,0,0,1,1,0
312,2024,learn_more,0,0,0,0,0,0,0,1
312,2024,learnt_recently,0,0,0,0,0,0,0,1
313,2024,learn_more,0,1,0,0,0,1,1,0
313,2024,learnt_recently,0,0,0,0,0,0,0,1
314,2024,learn_more,0,0,0,1,0,1,1,0
314,2024,learnt_recently,1,0,0,0,0,1,1,0
315,2024,learn_more,0,0,0,1,0,1,1,0
315,2024,learnt_recently,1,0,0,0,0,1,1,0
316,2024,learn_more,1,0,0,0,0,1,1,0
316,2024,learnt_recently,1,0,0,0,0,1,1,0
317,2024,learn_more,0,0,0,1,0,1,1,0
317,2024,learnt_recently,1,0,0,0,0,1,1,0
318,2024,learn_more,0,0,0,1,0,1,1,0
318,2024,learnt_recently,1,0,0,0,0,1,1,0
319,2024,learn_more,0,0,0,1,0,1,1,0
319,2024,learnt_recently,0,0,0,1,0,1,1,0
320,2024,learn_more,0,0,0,1,0,1,1,0
320,2024,learnt_recently,1,0,0,0,0,1,1,0
321,2024,learn_more,0,0,0,1,0,1,1,0
321,2024,learnt_recently,1,0,0,0,0,1,1,0
322,2024,learn_more,0,0,0,1,0,1,1,0
322,2024,learnt_recently,1,0,0,0,0,1,1,0
323,2023,learn_more,1,1,0,1,0,3,1,0
323,2023,learnt_recently,0,0,0,0,0,0,0,1
324,2023,learn_more,0,0,0,0,0,0,0,0
324,2023,learnt_recently,0,0,0,0,0,0,0,1
325,2023,learn_more,1,0,0,0,0,1,1,0
325,2023,learnt_recently,0,0,0,0,0,0,0,1
326,2023,learn_more,0,0,0,1,0,1,1,0
326,2023,learnt_recently,0,0,0,0,0,0,0,1
327,2023,learn_more,0,0,0,1,0,1,1,0
327,2023,learnt_recently,0,0,0,0,0,0,0,1
328,2023,learn_more,0,0,0,1,0,1,1,0
328,2023,learnt_recently,0,0,0,0,0,0,0,1
329,2023,learn_more,1,0,0,0,0,1,1,0
329,2023,learnt_recently,0,0,0,0,0,0,0,1
330,2023,learn_more,1,0,0,0,0,1,1,0
330,2023,learnt_recently,0,0,0,0,0,0,0,1
331,2023,learn_more,1,0,0,0,0,1,1,0
331,2023,learnt_recently,0,0,0,0,0,0,0,1
332,2023,learn_more,1,0,0,0,0,1,1,0
332,2023,learnt_recently,0,0,0,0,0,0,0,1
333,2023,learn_more,0,0,1,0,0,1,1,0
333,2023,learnt_recently,0,0,0,0,0,0,0,1
334,2023,learn_more,0,0,0,1,0,1,1,0
334,2023,learnt_recently,0,0,0,0,0,0,0,1
335,2023,learn_more,0,0,1,1,0,2,1,0
335,2023,learnt_recently,0,0,0,0,0,0,0,1
336,2023,learn_more,1,0,0,0,0,1,1,0
336,2023,learnt_recently,0,0,0,0,0,0,0,1
337,2023,learn_more,1,0,0,0,0,1,1,0
337,2023,learnt_recently,0,0,0,0,0,0,0,1
338,2023,learn_more,0,0,1,0,0,1,1,0
338,2023,learnt_recently,0,0,0,0,0,0,0,1
339,2023,learn_more,0,0,1,0,0,1,1,0
339,2023,learnt_recently,0,0,0,0,0,0,0,1
340,2023,learn_more,0,1,0,0,0,1,1,0
340,2023,learnt_recently,0,0,0,0,0,0,0,1
341,2023,learn_more,0,0,0,0,0,0,0,1
341,2023,learnt_recently,0,0,0,0,0,0,0,1
342,2023,learn_more,0,0,0,0,0,0,0,1
342,2023,learnt_recently,0,0,0,0,0,0,0,1
343,2023,learn_more,0,0,0,0,1,1,1,0
343,2023,learnt_recently,0,0,0,0,0,0,0,1
344,2023,learn_more,0,0,0,1,0,1,1,0
344,2023,learnt_recently,0,0,0,0,0,0,0,1
345,2023,learn_more,0,0,0,1,0,1,1,0
345,2023,learnt_recently,0,0,0,0,0,0,0,1
346,2023,learn_more,1,0,0,0,0,1,1,0
346,2023,learnt_recently,0,0,0,0,0,0,0,1
347,2023,learn_more,1,0,0,0,0,1,1,0
347,2023,learnt_recently,0,0,0,0,0,0,0,1
348,2023,learn_more,0,0,0,0,1,1,1,0
348,2023,learnt_recently,0,0,0,0,0,0,0,1
349,2023,learn_more,0,0,0,1,0,1,1,0
349,2023,learnt_recently,0,0,0,0,0,0,0,1
350,2023,learn_more,0,0,1,1,0,2,1,0
350,2023,learnt_recently,0,0,0,0,0,0,0,1
351,2023,learn_more,1,0,1,0,0,2,1,0
351,2023,learnt_recently,0,0,0,0,0,0,0,1
352,2023,learn_more,0,0,0,1,1,2,1,0
352,2023,learnt_recently,0,0,0,0,0,0,0,1
353,2023,learn_more,1,1,0,1,1,4,1,0
353,2023,learnt_recently,0,0,0,0,0,0,0,1
354,2024,learn_more,0,1,0,0,0,1,1,0
354,2024,learnt_recently,0,1,0,0,0,1,1,0
355,2024,learn_more,0,1,1,1,0,3,1,0
355,2024,learnt_recently,0,1,0,0,0,1,1,0
356,2024,learn_more,0,1,0,0,0,1,1,0
356,2024,learnt_recently,0,1,0,0,0,1,1,0
357,2024,learn_more,0,1,0,1,0,2,1,0
357,2024,learnt_recently,0,1,0,0,0,1,1,0
358,2023,learn_more,0,1,0,0,0,1,1,0
358,2023,learnt_recently,0,0,0,0,0,0,0,1
359,2023,learn_more,0,0,1,0,0,1,1,0
359,2023,learnt_recently,0,0,0,0,0,0,0,1
360,2023,learn_more,0,0,0,0,0,0,0,1
360,2023,learnt_recently,0,0,0,0,0,0,0,1
361,2023,learn_more,0,0,0,1,0,1,1,0
361,2023,learnt_recently,0,0,0,0,0,0,0,1
362,2023,learn_more,1,0,0,0,0,1,1,0
362,2023,learnt_recently,0,0,0,0,0,0,0,1
363,2023,learn_more,0,1,0,1,0,2,1,0
363,2023,learnt_recently,0,0,0,0,0,0,0,1
364,2023,learn_more,0,1,0,0,0,1,1,0
364,2023,learnt_recently,0,0,0,0,0,0,0,1
365,2023,learn_more,0,0,1,1,0,2,1,0
365,2023,learnt_recently,0,0,0,0,0,0,0,1
366,2023,learn_more,0,0,1,1,0,2,1,0
366,2023,learnt_recently,0,0,0,0,0,0,0,1
367,2023,learn_more,0,0,0,1,0,1,1,0
367,2023,learnt_recently,0,0,0,0,0,0,0,1
368,2023,learn_more,0,0,0,1,0,1,1,0
368,2023,learnt_recently,0,0,0,0,0,0,0,1
369,2023,learn_more,0,0,0,1,0,1,1,0
369,2023,learnt_recently,0,0,0,0,0,0,0,1
370,2023,learn_more,0,0,0,0,1,1,1,0
370,2023,learnt_recently,0,0,0,0,0,0,0,1
371,2023,learn_more,0,0,0,1,0,1,1,0
371,2023,learnt_recently,0,0,0,0,0,0,0,1
372,2023,learn_more,0,0,0,0,1,1,1,0
372,2023,learnt_recently,0,0,0,0,0,0,0,1
373,2023,learn_more,0,0,0,0,0,0,0,1
373,2023,learnt_recently,0,0,0,0,0,0,0,1
374,2023,learn_more,0,1,1,0,0,2,1,0
374,2023,learnt_recently,0,0,0,0,0,0,0,1
375,2023,learn_more,0,0,0,1,0,1,1,0
375,2023,learnt_recently,0,0,0,0,0,0,0,1
376,2023,learn_more,1,0,0,1,0,2,1,0
376,2023,learnt_recently,0,0,0,0,0,0,0,1
377,2023,learn_more,0,1,0,0,0,1,1,0
377,2023,learnt_recently,0,0,0,0,0,0,0,1
378,2023,learn_more,0,0,0,1,0,1,1,0
378,2023,learnt_recently,0,0,0,0,0,0,0,1
379,2023,learn_more,0,0,0,1,0,1,1,0
379,2023,learnt_recently,0,0,0,0,0,0,0,1
380,2023,learn_more,1,0,0,1,0,2,1,0
380,2023,learnt_recently,0,0,0,0,0,0,0,1
381,2023,learn_more,1,0,0,0,0,1,1,0
381,2023,learnt_recently,0,0,0,0,0,0,0,1
382,2023,learn_more,0,0,0,0,1,1,1,0
382,2023,learnt_recently,0,0,0,0,0,0,0,1
383,2023,learn_more,0,0,1,1,0,2,1,0
383,2023,learnt_recently,0,0,0,0,0,0,0,1
384,2023,learn_more,0,0,1,0,0,1,1,0
384,2023,learnt_recently,0,0,0,0,0,0,0,1
385,2023,learn_more,0,0,0,0,0,0,0,1
385,2023,learnt_recently,0,0,0,0,0,0,0,1
386,2023,learn_more,0,1,1,0,0,2,1,0
386,2023,learnt_recently,0,0,0,0,0,0,0,1
387,2023,learn_more,0,0,1,0,0,1,1,0
387,2023,learnt_recently,0,0,0,0,0,0,0,1
388,2023,learn_more,0,0,0,0,0,0,0,1
388,2023,learnt_recently,0,0,0,0,0,0,0,1
389,2023,learn_more,0,0,0,1,0,1,1,0
389,2023,learnt_recently,0,0,0,0,0,0,0,1
390,2023,learn_more,0,0,0,0,0,0,0,0
390,2023,learnt_recently,0,0,0,0,0,0,0,1
391,2023,learn_more,0,0,0,0,0,0,0,1
391,2023,learnt_recently,0,0,0,0,0,0,0,1
392,2023,learn_more,0,0,1,0,0,1,1,0
392,2023,learnt_recently,0,0,0,0,0,0,0,1
393,2023,learn_more,0,0,0,1,0,1,1,0
393,2023,learnt_recently,0,0,0,0,0,0,0,1
394,2023,learn_more,0,0,0,0,0,0,0,0
394,2023,learnt_recently,0,0,0,0,0,0,0,1
395,2023,learn_more,0,0,0,1,0,1,1,0
395,2023,learnt_recently,0,0,0,0,0,0,0,1
396,2023,learn_more,0,0,1,0,0,1,1,0
396,2023,learnt_recently,0,0,0,0,0,0,0,1
397,2023,learn_more,0,0,0,0,0,0,0,0
397,2023,learnt_recently,0,0,0,0,0,0,0,1
398,2024,learn_more,0,0,0,0,0,0,0,0
398,2024,learnt_recently,0,0,0,1,0,1,1,0
399,2024,learn_more,1,0,0,0,0,1,1,0
399,2024,learnt_recently,0,0,0,0,0,0,0,1
400,2024,learn_more,1,1,0,0,0,2,1,0
400,2024,learnt_recently,0,0,1,0,0,1,1,0
401,2024,learn_more,0,0,0,1,0,1,1,0
401,2024,learnt_recently,0,0,0,0,1,1,1,0
402,2024,learn_more,0,1,1,0,1,3,1,0
402,2024,learnt_recently,0,0,0,1,0,1,1,0
403,2024,learn_more,0,1,0,1,1,3,1,0
403,2024,learnt_recently,0,0,0,1,0,1,1,0
404,2024,learn_more,0,0,0,1,0,1,1,0
404,2024,learnt_recently,0,0,0,1,0,1,1,0
405,2024,learn_more,1,0,0,0,0,1,1,0
405,2024,learnt_recently,0,0,1,0,0,1,1,0
406,2024,learn_more,1,0,0,0,0,1,1,0
406,2024,learnt_recently,0,0,0,1,0,1,1,0
407,2024,learn_more,0,1,0,0,0,1,1,0
407,2024,learnt_recently,0,0,1,0,0,1,1,0
408,2024,learn_more,0,0,1,0,0,1,1,0
408,2024,learnt_recently,0,1,0,0,0,1,1,0
409,2024,learn_more,1,0,0,0,0,1,1,0
409,2024,learnt_recently,0,0,1,0,0,1,1,0
410,2024,learn_more,0,0,0,0,0,0,0,1
410,2024,learnt_recently,0,0,0,0,1,1,1,0
411,2024,learn_more,1,0,0,0,0,1,1,0
411,2024,learnt_recently,0,1,0,0,0,1,1,0
412,2024,learn_more,1,0,0,0,0,1,1,0
412,2024,learnt_recently,0,1,0,0,0,1,1,0
413,2024,learn_more,0,0,0,1,0,1,1,0
413,2024,learnt_recently,1,0,0,0,0,1,1,0
414,2024,learn_more,0,0,1,0,0,1,1,0
414,2024,learnt_recently,0,1,0,0,0,1,1,0
415,2024,learn_more,0,0,0,1,0,1,1,0
415,2024,learnt_recently,0,0,0,1,0,1,1,0
416,2024,learn_more,1,0,0,0,0,1,1,0
416,2024,learnt_recently,1,0,0,0,0,1,1,0
417,2024,learn_more,0,1,0,0,0,1,1,0
417,2024,learnt_recently,0,0,1,0,0,1,1,0
418,2024,learn_more,0,0,1,0,0,1,1,0
418,2024,learnt_recently,0,0,1,0,0,1,1,0
419,2024,learn_more,0,0,0,1,0,1,1,0
419,2024,learnt_recently,0,0,0,1,0,1,1,0
420,2024,learn_more,0,1,0,0,0,1,1,0
420,2024,learnt_recently,0,0,0,0,1,1,1,0
421,2024,learn_more,0,0,0,1,0,1,1,0
421,2024,learnt_recently,1,0,0,0,0,1,1,0
422,2024,learn_more,0,1,0,0,0,1,1,0
422,2024,learnt_recently,1,0,0,0,1,2,1,0
423,2024,learn_more,0,1,0,0,0,1,1,0
423,2024,learnt_recently,0,0,1,0,0,1,1,0
424,2024,learn_more,0,0,0,0,0,0,0,1
424,2024,learnt_recently,0,0,0,1,0,1,1,0
425,2024,learn_more,0,0,0,0,0,0,0,0
425,2024,learnt_recently,0,1,0,0,1,2,1,0
426,2024,learn_more,0,0,0,1,0,1,1,0
426,2024,learnt_recently,0,0,0,1,0,1,1,0
427,2024,learn_more,0,0,0,1,0,1,1,0
427,2024,learnt_recently,0,0,0,1,0,1,1,0
428,2024,learn_more,1,0,0,0,0,1,1,0
428,2024,learnt_recently,1,0,0,0,0,1,1,0
429,2024,learn_more,0,0,0,0,0,0,0,1
429,2024,learnt_recently,0,0,0,1,0,1,1,0
430,2024,learn_more,1,0,0,0,0,1,1,0
430,2024,learnt_recently,0,0,0,1,0,1,1,0
431,2024,learn_more,1,0,0,0,0,1,1,0
431,2024,learnt_recently,0,1,0,0,0,1,1,0
432,2024,learn_more,0,1,0,0,0,1,1,0
432,2024,learnt_recently,0,0,1,0,0,1,1,0
433,2024,learn_more,0,0,0,1,0,1,1,0
433,2024,learnt_recently,0,0,1,0,0,1,1,0
434,2024,learn_more,0,0,0,1,0,1,1,0
434,2024,learnt_recently,0,0,0,1,0,1,1,0
435,2024,learn_more,0,1,0,0,0,1,1,0
435,2024,learnt_recently,0,0,0,0,0,0,0,1
436,2024,learn_more,0,1,0,0,0,1,1,0
436,2024,learnt_recently,0,1,0,0,0,1,1,0
437,2024,learn_more,0,1,0,0,0,1,1,0
437,2024,learnt_recently,0,1,0,0,0,1,1,0
438,2024,learn_more,0,0,0,1,0,1,1,0
438,2024,learnt_recently,0,0,0,1,0,1,1,0
439,2024,learn_more,0,1,0,0,0,1,1,0
439,2024,learnt_recently,1,0,0,0,0,1,1,0
440,2024,learn_more,1,0,0,0,0,1,1,0
440,2024,learnt_recently,0,0,0,1,0,1,1,0
441,2024,learn_more,0,0,0,1,0,1,1,0
441,2024,learnt_recently,0,0,0,1,0,1,1,0
442,2024,learn_more,0,0,1,0,0,1,1,0
442,2024,learnt_recently,0,0,0,0,0,0,0,1
443,2024,learn_more,1,0,0,0,0,1,1,0
443,2024,learnt_recently,0,0,1,0,0,1,1,0
444,2024,learn_more,0,0,0,0,0,0,0,0
444,2024,learnt_recently,0,1,0,0,0,1,1,0
445,2023,learn_more,1,0,0,0,0,1,1,0
445,2023,learnt_recently,0,0,0,0,0,0,0,1
446,2023,learn_more,1,1,0,0,0,2,1,0
446,2023,learnt_recently,0,0,0,0,0,0,0,1
447,2023,learn_more,0,0,0,0,0,0,0,1
447,2023,learnt_recently,0,0,0,0,0,0,0,1
448,2023,learn_more,1,0,0,1,0,2,1,0
448,2023,learnt_recently,0,0,0,0,0,0,0,1
449,2023,learn_more,0,1,0,1,0,2,1,0
449,2023,learnt_recently,0,0,0,0,0,0,0,1
450,2023,learn_more,1,0,0,0,0,1,1,0
450,2023,learnt_recently,0,0,0,0,0,0,0,1
451,2023,learn_more,0,0,0,1,0,1,1,0
451,2023,learnt_recently,0,0,0,0,0,0,0,1
452,2023,learn_more,0,0,0,1,0,1,1,0
452,2023,learnt_recently,0,0,0,0,0,0,0,1
453,2023,learn_more,1,0,0,0,0,1,1,0
453,2023,learnt_recently,0,0,0,0,0,0,0,1
454,2023,learn_more,0,0,0,1,0,1,1,0
454,2023,learnt_recently,0,0,0,0,0,0,0,1
455,2023,learn_more,0,0,0,0,0,0,0,1
455,2023,learnt_recently,0,0,0,0,0,0,0,1
456,2023,learn_more,1,0,0,0,0,1,1,0
456,2023,learnt_recently,0,0,0,0,0,0,0,1
457,2023,learn_more,0,0,0,0,1,1,1,0
457,2023,learnt_recently,0,0,0,0,0,0,0,1
458,2023,learn_more,1,0,0,0,0,1,1,0
458,2023,learnt_recently,0,0,0,0,0,0,0,1
459,2023,learn_more,0,0,0,1,0,1,1,0
459,2023,learnt_recently,0,0,0,0,0,0,0,1
460,2023,learn_more,0,0,0,1,0,1,1,0
460,2023,learnt_recently,0,0,0,0,0,0,0,1
461,2023,learn_more,0,0,0,1,0,1,1,0
461,2023,learnt_recently,0,0,0,0,0,0,0,1
462,2023,learn_more,0,0,0,1,0,1,1,0
462,2023,learnt_recently,0,0,0,0,0,0,0,1
463,2023,learn_more,1,0,0,0,0,1,1,0
463,2023,learnt_recently,0,0,0,0,0,0,0,1
464,2023,learn_more,1,0,0,0,0,1,1,0
464,2023,learnt_recently,0,0,0,0,0,0,0,1
465,2023,learn_more,0,0,0,1,0,1,1,0
465,2023,learnt_recently,0,0,0,0,0,0,0,1
466,2023,learn_more,0,0,0,1,0,1,1,0
466,2023,learnt_recently,0,0,0,0,0,0,0,1
467,2023,learn_more,1,0,0,0,0,1,1,0
467,2023,learnt_recently,0,0,0,0,0,0,0,1
468,2023,learn_more,1,0,0,0,0,1,1,0
468,2023,learnt_recently,0,0,0,0,0,0,0,1
469,2023,learn_more,1,0,0,0,0,1,1,0
469,2023,learnt_recently,0,0,0,0,0,0,0,1
470,2023,learn_more,1,0,0,0,0,1,1,0
470,2023,learnt_recently,0,0,0,0,0,0,0,1
471,2023,learn_more,1,0,0,0,0,1,1,0
471,2023,learnt_recently,0,0,0,0,0,0,0,1
472,2023,learn_more,0,0,1,1,0,2,1,0
472,2023,learnt_recently,0,0,0,0,0,0,0,1
473,2023,learn_more,0,0,1,0,0,1,1,0
473,2023,learnt_recently,0,0,0,0,0,0,0,1
474,2023,learn_more,0,0,1,0,0,1,1,0
474,2023,learnt_recently,0,0,0,0,0,0,0,1
475,2023,learn_more,0,0,1,0,0,1,1,0
475,2023,learnt_recently,0,0,0,0,0,0,0,1
476,2023,learn_more,0,1,1,0,0,2,1,0
476,2023,learnt_recently,0,0,0,0,0,0,0,1
477,2023,learn_more,1,0,0,0,0,1,1,0
477,2023,learnt_recently,0,0,0,0,0,0,0,1
478,2023,learn_more,1,0,0,0,0,1,1,0
478,2023,learnt_recently,0,0,0,0,0,0,0,1
479,2023,learn_more,0,0,1,0,0,1,1,0
479,2023,learnt_recently,0,0,0,0,0,0,0,1
480,2023,learn_more,1,0,0,1,0,2,1,0
480,2023,learnt_recently,0,0,0,0,0,0,0,1
481,2024,learn_more,0,1,0,0,0,1,1,0
481,2024,learnt_recently,0,0,0,0,0,0,0,0
482,2024,learn_more,0,1,0,0,0,1,1,0
482,2024,learnt_recently,0,0,0,0,1,1,1,0
483,2024,learn_more,0,0,0,0,1,1,1,0
483,2024,learnt_recently,1,0,0,0,0,1,1,0
484,2024,learn_more,0,0,0,1,0,1,1,0
484,2024,learnt_recently,0,1,0,0,0,1,1,0
485,2024,learn_more,0,1,0,0,0,1,1,0
485,2024,learnt_recently,0,0,0,0,1,1,1,0
486,2024,learn_more,0,0,0,0,0,0,0,1
486,2024,learnt_recently,1,0,0,0,0,1,1,0
487,2024,learn_more,0,1,0,0,0,1,1,0
487,2024,learnt_recently,0,0,0,0,0,0,0,0
488,2024,learn_more,0,0,0,0,1,1,1,0
488,2024,learnt_recently,1,0,0,0,0,1,1,0
489,2024,learn_more,0,0,0,0,1,1,1,0
489,2024,learnt_recently,0,0,0,0,1,1,1,0
490,2024,learn_more,1,0,0,1,0,2,1,0
490,2024,learnt_recently,0,0,0,1,0,1,1,0
491,2023,learn_more,0,1,1,1,0,3,1,0
491,2023,learnt_recently,0,0,0,0,0,0,0,1
492,2023,learn_more,1,0,0,0,0,1,1,0
492,2023,learnt_recently,0,0,0,0,0,0,0,1
493,2023,learn_more,0,0,0,1,0,1,1,0
493,2023,learnt_recently,0,0,0,0,0,0,0,1
494,2023,learn_more,1,0,0,0,0,1,1,0
494,2023,learnt_recently,0,0,0,0,0,0,0,1
495,2024,learn_more,1,0,0,1,0,2,1,0
495,2024,learnt_recently,0,0,0,1,0,1,1,0
496,2024,learn_more,0,0,0,1,0,1,1,0
496,2024,learnt_recently,1,0,0,0,0,1,1,0
497,2023,learn_more,0,0,0,1,0,1,1,0
497,2023,learnt_recently,0,0,0,0,0,0,0,1
498,2024,learn_more,1,0,0,1,0,2,1,0
498,2024,learnt_recently,1,0,0,1,0,2,1,0
499,2023,learn_more,1,0,0,1,0,2,1,0
499,2023,learnt_recently,0,0,0,0,0,0,0,1
500,2023,learn_more,1,0,0,0,0,1,1,0
500,2023,learnt_recently,0,0,0,0,0,0,0,1
501,2023,learn_more,0,0,0,0,1,1,1,0
501,2023,learnt_recently,0,0,0,0,0,0,0,1
502,2023,learn_more,0,0,1,0,0,1,1,0
502,2023,learnt_recently,0,0,0,0,0,0,0,1
503,2023,learn_more,0,0,0,1,0,1,1,0
503,2023,learnt_recently,0,0,0,0,0,0,0,1
504,2023,learn_more,1,0,0,0,0,1,1,0
504,2023,learnt_recently,0,0,0,0,0,0,0,1
505,2023,learn_more,1,0,0,0,0,1,1,0
505,2023,learnt_recently,0,0,0,0,0,0,0,1
506,2023,learn_more,1,0,0,0,0,1,1,0
506,2023,learnt_recently,0,0,0,0,0,0,0,1
507,2023,learn_more,1,0,0,0,0,1,1,0
507,2023,learnt_recently,0,0,0,0,0,0,0,1
508,2023,learn_more,1,0,0,0,0,1,1,0
508,2023,learnt_recently,0,0,0,0,0,0,0,1
509,2023,learn_more,1,0,0,0,0,1,1,0
509,2023,learnt_recently,0,0,0,0,0,0,0,1
510,2023,learn_more,1,0,0,0,0,1,1,0
510,2023,learnt_recently,0,0,0,0,0,0,0,1
511,2023,learn_more,1,0,0,0,0,1,1,0
511,2023,learnt_recently,0,0,0,0,0,0,0,1
512,2023,learn_more,0,0,0,0,0,0,0,0
512,2023,learnt_recently,0,0,0,0,0,0,0,1
513,2023,learn_more,0,0,0,0,0,0,0,0
513,2023,learnt_recently,0,0,0,0,0,0,0,1
514,2023,learn_more,0,1,0,0,0,1,1,0
514,2023,learnt_recently,0,0,0,0,0,0,0,1
515,2023,learn_more,0,1,0,0,0,1,1,0
515,2023,learnt_recently,0,0,0,0,0,0,0,1
516,2023,learn_more,0,1,0,0,0,1,1,0
516,2023,learnt_recently,0,0,0,0,0,0,0,1
517,2023,learn_more,0,1,0,0,0,1,1,0
517,2023,learnt_recently,0,0,0,0,0,0,0,1
518,2023,learn_more,0,0,0,0,0,0,0,1
518,2023,learnt_recently,0,0,0,0,0,0,0,1
519,2023,learn_more,0,1,0,0,0,1,1,0
519,2023,learnt_recently,0,0,0,0,0,0,0,1
520,2023,learn_more,0,0,0,0,0,0,0,0
520,2023,learnt_recently,0,0,0,0,0,0,0,1
521,2023,learn_more,1,0,0,0,0,1,1,0
521,2023,learnt_recently,0,0,0,0,0,0,0,1
522,2023,learn_more,0,1,1,0,0,2,1,0
522,2023,learnt_recently,0,0,0,0,0,0,0,1
523,2023,learn_more,0,1,0,0,0,1,1,0
523,2023,learnt_recently,0,0,0,0,0,0,0,1
524,2023,learn_more,0,0,0,1,0,1,1,0
524,2023,learnt_recently,0,0,0,0,0,0,0,1
525,2024,learn_more,1,1,0,0,0,2,1,0
525,2024,learnt_recently,1,0,0,0,0,1,1,0
526,2023,learn_more,0,0,0,0,0,0,0,1
526,2023,learnt_recently,0,0,0,0,0,0,0,1
527,2023,learn_more,1,0,1,0,0,2,1,0
527,2023,learnt_recently,0,0,0,0,0,0,0,1
528,2023,learn_more,1,0,0,0,0,1,1,0
528,2023,learnt_recently,0,0,0,0,0,0,0,1
529,2023,learn_more,0,0,1,1,0,2,1,0
529,2023,learnt_recently,0,0,0,0,0,0,0,1
530,2023,learn_more,0,0,0,1,0,1,1,0
530,2023,learnt_recently,0,0,0,0,0,0,0,1
531,2023,learn_more,0,1,0,0,0,1,1,0
531,2023,learnt_recently,0,0,0,0,0,0,0,1
532,2023,learn_more,0,0,1,0,0,1,1,0
532,2023,learnt_recently,0,0,0,0,0,0,0,1
533,2023,learn_more,0,0,0,1,0,1,1,0
533,2023,learnt_recently,0,0,0,0,0,0,0,1
534,2023,learn_more,0,0,0,1,0,1,1,0
534,2023,learnt_recently,0,0,0,0,0,0,0,1
535,2023,learn_more,0,0,0,0,0,0,0,1
535,2023,learnt_recently,0,0,0,0,0,0,0,1
536,2023,learn_more,0,1,0,0,0,1,1,0
536,2023,learnt_recently,0,0,0,0,0,0,0,1
537,2023,learn_more,1,0,0,0,0,1,1,0
537,2023,learnt_recently,0,0,0,0,0,0,0,1
538,2023,learn_more,0,1,0,0,0,1,1,0
538,2023,learnt_recently,0,0,0,0,0,0,0,1
539,2023,learn_more,0,0,1,1,1,3,1,0
539,2023,learnt_recently,0,0,0,0,0,0,0,1
540,2023,learn_more,1,0,0,0,0,1,1,0
540,2023,learnt_recently,0,0,0,0,0,0,0,1
541,2023,learn_more,0,0,1,0,0,1,1,0
541,2023,learnt_recently,0,0,0,0,0,0,0,1
542,2023,learn_more,0,0,1,1,0,2,1,0
542,2023,learnt_recently,0,0,0,0,0,0,0,1
543,2023,learn_more,0,0,1,0,1,2,1,0
543,2023,learnt_recently,0,0,0,0,0,0,0,1
544,2023,learn_more,1,1,1,0,0,3,1,0
544,2023,learnt_recently,0,0,0,0,0,0,0,1
545,2023,learn_more,1,0,0,0,0,1,1,0
545,2023,learnt_recently,0,0,0,0,0,0,0,1
546,2023,learn_more,0,0,1,1,0,2,1,0
546,2023,learnt_recently,0,0,0,0,0,0,0,1
547,2023,learn_more,1,0,0,0,0,1,1,0
547,2023,learnt_recently,0,0,0,0,0,0,0,1
548,2023,learn_more,0,0,0,0,1,1,1,0
548,2023,learnt_recently,0,0,0,0,0,0,0,1
549,2023,learn_more,0,0,0,1,0,1,1,0
549,2023,learnt_recently,0,0,0,0,0,0,0,1
550,2024,learn_more,1,1,0,0,0,2,1,0
550,2024,learnt_recently,1,1,1,0,0,3,1,0
551,2024,learn_more,1,0,0,1,0,2,1,0
551,2024,learnt_recently,0,1,0,0,0,1,1,0
552,2024,learn_more,1,1,0,0,0,2,1,0
552,2024,learnt_recently,1,0,0,0,0,1,1,0
553,2024,learn_more,0,0,0,0,0,0,0,1
553,2024,learnt_recently,1,0,1,0,0,2,1,0
554,2024,learn_more,0,1,0,0,0,1,1,0
554,2024,learnt_recently,0,1,0,0,0,1,1,0
555,2024,learn_more,1,0,0,0,0,1,1,0
555,2024,learnt_recently,0,1,0,0,0,1,1,0
556,2024,learn_more,0,0,0,1,0,1,1,0
556,2024,learnt_recently,1,0,0,0,0,1,1,0
557,2024,learn_more,0,0,0,1,0,1,1,0
557,2024,learnt_recently,0,1,0,0,0,1,1,0
558,2024,learn_more,0,0,0,1,0,1,1,0
558,2024,learnt_recently,1,0,0,0,0,1,1,0
559,2024,learn_more,1,0,0,0,0,1,1,0
559,2024,learnt_recently,1,0,0,0,0,1,1,0
560,2024,learn_more,0,1,0,0,0,1,1,0
560,2024,learnt_recently,0,0,1,0,0,1,1,0
561,2024,learn_more,1,1,0,0,0,2,1,0
561,2024,learnt_recently,1,0,0,1,0,2,1,0
562,2024,learn_more,1,0,0,1,0,2,1,0
562,2024,learnt_recently,1,0,0,1,0,2,1,0
563,2023,learn_more,0,0,1,0,0,1,1,0
563,2023,learnt_recently,0,0,0,0,0,0,0,1
564,2023,learn_more,1,0,0,0,0,1,1,0
564,2023,learnt_recently,0,0,0,0,0,0,0,1
565,2023,learn_more,0,1,0,0,0,1,1,0
565,2023,learnt_recently,0,0,0,0,0,0,0,1
566,2023,learn_more,0,0,1,0,0,1,1,0
566,2023,learnt_recently,0,0,0,0,0,0,0,1
567,2023,learn_more,0,0,0,1,0,1,1,0
567,2023,learnt_recently,0,0,0,0,0,0,0,1
568,2023,learn_more,0,0,0,1,0,1,1,0
568,2023,learnt_recently,0,0,0,0,0,0,0,1
569,2023,learn_more,0,0,1,0,0,1,1,0
569,2023,learnt_recently,0,0,0,0,0,0,0,1
570,2023,learn_more,0,0,0,1,0,1,1,0
570,2023,learnt_recently,0,0,0,0,0,0,0,1
571,2023,learn_more,0,0,1,0,0,1,1,0
571,2023,learnt_recently,0,0,0,0,0,0,0,1
572,2023,learn_more,0,1,0,0,0,1,1,0
572,2023,learnt_recently,0,0,0,0,0,0,0,1
573,2023,learn_more,0,1,0,0,0,1,1,0
573,2023,learnt_recently,0,0,0,0,0,0,0,1
574,2023,learn_more,0,0,0,1,0,1,1,0
574,2023,learnt_recently,0,0,0,0,0,0,0,1
575,2023,learn_more,0,0,0,1,0,1,1,0
575,2023,learnt_recently,0,0,0,0,0,0,0,1
576,2023,learn_more,0,0,1,0,0,1,1,0
576,2023,learnt_recently,0,0,0,0,0,0,0,1
577,2023,learn_more,1,0,0,1,0,2,1,0
577,2023,learnt_recently,0,0,0,0,0,0,0,1
578,2023,learn_more,1,0,0,0,0,1,1,0
578,2023,learnt_recently,0,0,0,0,0,0,0,1
579,2024,learn_more,0,0,0,0,1,1,1,0
579,2024,learnt_recently,0,0,0,0,0,0,0,1
580,2024,learn_more,1,1,1,0,0,3,1,0
580,2024,learnt_recently,0,0,0,1,0,1,1,0
581,2024,learn_more,0,0,0,0,1,1,1,0
581,2024,learnt_recently,0,0,0,0,1,1,1,0
582,2023,learn_more,0,0,0,0,0,0,0,1
582,2023,learnt_recently,0,0,0,0,0,0,0,1
583,2023,learn_more,0,0,0,0,1,1,1,0
583,2023,learnt_recently,0,0,0,0,0,0,0,1
584,2023,learn_more,0,0,0,1,0,1,1,0
584,2023,learnt_recently,0,0,0,0,0,0,0,1
585,2023,learn_more,1,0,0,0,0,1,1,0
585,2023,learnt_recently,0,0,0,0,0,0,0,1
586,2023,learn_more,0,0,1,0,0,1,1,0
586,2023,learnt_recently,0,0,0,0,0,0,0,1
587,2023,learn_more,0,0,1,1,0,2,1,0
587,2023,learnt_recently,0,0,0,0,0,0,0,1
588,2023,learn_more,0,0,0,0,0,0,0,1
588,2023,learnt_recently,0,0,0,0,0,0,0,1
589,2024,learn_more,0,0,0,0,0,0,0,1
589,2024,learnt_recently,0,0,1,0,0,1,1,0
590,2024,learn_more,0,0,0,0,0,0,0,1
590,2024,learnt_recently,1,1,0,1,0,3,1,0
591,2024,learn_more,1,0,0,0,0,1,1,0
591,2024,learnt_recently,1,0,0,0,0,1,1,0
592,2024,learn_more,1,0,0,1,0,2,1,0
592,2024,learnt_recently,1,0,0,0,0,1,1,0
593,2024,learn_more,0,0,0,0,0,0,0,1
593,2024,learnt_recently,0,0,0,0,0,0,0,1
594,2024,learn_more,0,0,0,0,0,0,0,1
594,2024,learnt_recently,0,0,0,0,1,1,1,0
595,2023,learn_more,0,0,0,0,0,0,0,1
595,2023,learnt_recently,0,0,0,0,0,0,0,1
596,2023,learn_more,0,0,0,1,0,1,1,0
596,2023,learnt_recently,0,0,0,0,0,0,0,1
597,2023,learn_more,0,1,0,1,0,2,1,0
597,2023,learnt_recently,0,0,0,0,0,0,0,1
598,2023,learn_more,0,0,0,1,0,1,1,0
598,2023,learnt_recently,0,0,0,0,0,0,0,1
599,2023,learn_more,0,0,0,0,0,0,0,1
599,2023,learnt_recently,0,0,0,0,0,0,0,1
600,2023,learn_more,0,0,1,0,0,1,1,0
600,2023,learnt_recently,0,0,0,0,0,0,0,1
601,2023,learn_more,0,0,0,1,0,1,1,0
601,2023,learnt_recently,0,0,0,0,0,0,0,1
602,2024,learn_more,0,0,0,1,0,1,1,0
602,2024,learnt_recently,0,1,0,0,0,1,1,0
603,2024,learn_more,1,0,1,0,0,2,1,0
603,2024,learnt_recently,1,0,1,1,0,3,1,0
604,2024,learn_more,0,0,0,1,0,1,1,0
604,2024,learnt_recently,0,0,1,0,0,1,1,0
605,2024,learn_more,1,0,1,1,0,3,1,0
605,2024,learnt_recently,0,0,1,0,0,1,1,0
606,2024,learn_more,0,0,0,1,0,1,1,0
606,2024,learnt_recently,0,1,1,0,0,2,1,0
607,2024,learn_more,1,0,0,0,0,1,1,0
607,2024,learnt_recently,1,0,0,0,0,1,1,0
608,2024,learn_more,0,0,1,1,0,2,1,0
608,2024,learnt_recently,1,0,0,0,0,1,1,0
609,2024,learn_more,1,0,0,0,0,1,1,0
609,2024,learnt_recently,1,0,1,0,0,2,1,0
610,2024,learn_more,1,0,0,0,0,1,1,0
610,2024,learnt_recently,0,0,0,0,0,0,0,1
611,2024,learn_more,1,0,0,1,0,2,1,0
611,2024,learnt_recently,0,0,0,1,0,1,1,0
612,2024,learn_more,0,0,1,0,0,1,1,0
612,2024,learnt_recently,0,0,1,0,0,1,1,0
613,2024,learn_more,0,0,0,1,0,1,1,0
613,2024,learnt_recently,0,0,0,1,0,1,1,0
614,2024,learn_more,0,0,0,1,0,1,1,0
614,2024,learnt_recently,0,0,0,1,0,1,1,0
615,2024,learn_more,1,0,0,0,0,1,1,0
615,2024,learnt_recently,1,0,0,0,0,1,1,0
616,2023,learn_more,1,0,0,0,1,2,1,0
616,2023,learnt_recently,0,0,0,0,0,0,0,1
617,2023,learn_more,1,0,0,0,0,1,1,0
617,2023,learnt_recently,0,0,0,0,0,0,0,1
618,2023,learn_more,0,1,0,0,0,1,1,0
618,2023,learnt_recently,0,0,0,0,0,0,0,1
619,2023,learn_more,1,0,0,0,0,1,1,0
619,2023,learnt_recently,0,0,0,0,0,0,0,1
620,2024,learn_more,0,0,0,1,0,1,1,0
620,2024,learnt_recently,0,1,0,0,0,1,1,0
621,2024,learn_more,0,1,0,1,0,2,1,0
621,2024,learnt_recently,0,1,0,0,0,1,1,0
622,2024,learn_more,0,1,0,0,0,1,1,0
622,2024,learnt_recently,0,1,0,0,0,1,1,0
623,2024,learn_more,0,0,0,1,0,1,1,0
623,2024,learnt_recently,0,0,0,1,0,1,1,0
624,2024,learn_more,0,1,0,0,0,1,1,0
624,2024,learnt_recently,0,1,0,0,0,1,1,0
625,2024,learn_more,0,0,0,0,0,0,0,0
625,2024,learnt_recently,0,1,0,1,0,2,1,0
626,2024,learn_more,0,0,0,1,0,1,1,0
626,2024,learnt_recently,0,0,0,1,0,1,1,0
627,2024,learn_more,1,0,0,0,0,1,1,0
627,2024,learnt_recently,0,1,0,0,0,1,1,0
628,2024,learn_more,0,0,0,1,0,1,1,0
628,2024,learnt_recently,0,0,0,1,0,1,1,0
629,2024,learn_more,0,0,0,0,0,0,0,1
629,2024,learnt_recently,0,1,0,0,0,1,1,0
630,2024,learn_more,0,0,0,1,0,1,1,0
630,2024,learnt_recently,0,0,0,1,0,1,1,0
631,2024,learn_more,0,0,0,0,0,0,0,1
631,2024,learnt_recently,0,1,0,0,0,1,1,0
632,2024,learn_more,0,1,0,0,0,1,1,0
632,2024,learnt_recently,0,0,0,0,0,0,0,1
633,2024,learn_more,0,1,0,0,0,1,1,0
633,2024,learnt_recently,0,1,0,0,0,1,1,0
634,2023,learn_more,1,1,1,0,0,3,1,0
634,2023,learnt_recently,0,0,0,0,0,0,0,1
635,2023,learn_more,1,0,0,1,1,3,1,0
635,2023,learnt_recently,0,0,0,0,0,0,0,1
636,2023,learn_more,1,0,0,1,0,2,1,0
636,2023,learnt_recently,0,0,0,0,0,0,0,1
637,2023,learn_more,0,1,0,1,0,2,1,0
637,2023,learnt_recently,0,0,0,0,0,0,0,1
638,2023,learn_more,1,0,0,1,0,2,1,0
638,2023,learnt_recently,0,0,0,0,0,0,0,1
639,2023,learn_more,1,0,0,1,0,2,1,0
639,2023,learnt_recently,0,0,0,0,0,0,0,1
640,2023,learn_more,1,0,0,1,0,2,1,0
640,2023,learnt_recently,0,0,0,0,0,0,0,1
641,2023,learn_more,0,0,0,1,0,1,1,0
641,2023,learnt_recently,0,0,0,0,0,0,0,1
642,2023,learn_more,0,0,1,1,0,2,1,0
642,2023,learnt_recently,0,0,0,0,0,0,0,1
643,2023,learn_more,0,0,0,0,1,1,1,0
643,2023,learnt_recently,0,0,0,0,0,0,0,1
644,2023,learn_more,0,1,0,0,1,2,1,0
644,2023,learnt_recently,0,0,0,0,0,0,0,1
645,2023,learn_more,1,0,0,1,0,2,1,0
645,2023,learnt_recently,0,0,0,0,0,0,0,1
646,2023,learn_more,1,1,1,0,0,3,1,0
646,2023,learnt_recently,0,0,0,0,0,0,0,1
647,2023,learn_more,0,0,1,0,0,1,1,0
647,2023,learnt_recently,0,0,0,0,0,0,0,1
648,2023,learn_more,0,0,1,1,1,3,1,0
648,2023,learnt_recently,0,0,0,0,0,0,0,1
649,2023,learn_more,0,0,0,1,0,1,1,0
649,2023,learnt_recently,0,0,0,0,0,0,0,1
651,2023,learn_more,0,0,0,1,0,1,1,0
651,2023,learnt_recently,0,0,0,0,0,0,0,1
652,2023,learn_more,1,0,0,0,0,1,1,0
652,2023,learnt_recently,0,0,0,0,0,0,0,1
653,2023,learn_more,1,0,0,0,0,1,1,0
653,2023,learnt_recently,0,0,0,0,0,0,0,1
654,2023,learn_more,0,0,0,1,0,1,1,0
654,2023,learnt_recently,0,0,0,0,0,0,0,1
655,2024,learn_more,0,0,0,1,0,1,1,0
655,2024,learnt_recently,1,0,0,0,0,1,1,0
656,2023,learn_more,1,0,0,0,0,1,1,0
656,2023,learnt_recently,0,0,0,0,0,0,0,1
657,2023,learn_more,0,0,0,1,0,1,1,0
657,2023,learnt_recently,0,0,0,0,0,0,0,1
658,2023,learn_more,0,0,0,1,0,1,1,0
658,2023,learnt_recently,0,0,0,0,0,0,0,1
659,2024,learn_more,0,1,0,0,0,1,1,0
659,2024,learnt_recently,0,0,0,1,0,1,1,0
660,2024,learn_more,1,0,0,1,0,2,1,0
660,2024,learnt_recently,1,0,0,1,0,2,1,0
661,2024,learn_more,1,0,0,0,0,1,1,0
661,2024,learnt_recently,1,0,0,0,0,1,1,0
662,2023,learn_more,0,0,1,1,0,2,1,0
662,2023,learnt_recently,0,0,0,0,0,0,0,1
663,2024,learn_more,1,1,0,0,0,2,1,0
663,2024,learnt_recently,0,0,0,1,0,1,1,0
664,2023,learn_more,0,0,0,0,1,1,1,0
664,2023,learnt_recently,0,0,0,0,0,0,0,1
665,2024,learn_more,0,0,0,1,1,2,1,0
665,2024,learnt_recently,0,0,0,1,0,1,1,0
666,2023,learn_more,1,0,0,0,0,1,1,0
666,2023,learnt_recently,0,0,0,0,0,0,0,1
667,2023,learn_more,1,0,0,0,0,1,1,0
667,2023,learnt_recently,0,0,0,0,0,0,0,1
668,2023,learn_more,0,0,0,1,0,1,1,0
668,2023,learnt_recently,0,0,0,0,0,0,0,1
669,2023,learn_more,0,0,0,1,0,1,1,0
669,2023,learnt_recently,0,0,0,0,0,0,0,1
670,2023,learn_more,0,0,0,1,0,1,1,0
670,2023,learnt_recently,0,0,0,0,0,0,0,1
671,2023,learn_more,0,0,0,1,0,1,1,0
671,2023,learnt_recently,0,0,0,0,0,0,0,1
672,2024,learn_more,1,0,0,1,0,2,1,0
672,2024,learnt_recently,0,0,0,1,0,1,1,0
673,2024,learn_more,1,0,0,1,0,2,1,0
673,2024,learnt_recently,0,0,0,1,0,1,1,0
674,2024,learn_more,0,0,0,0,1,1,1,0
674,2024,learnt_recently,0,0,0,0,1,1,1,0
675,2024,learn_more,1,0,0,1,0,2,1,0
675,2024,learnt_recently,0,0,0,1,0,1,1,0
676,2024,learn_more,1,0,0,0,0,1,1,0
676,2024,learnt_recently,0,0,0,1,0,1,1,0
677,2024,learn_more,1,0,0,0,0,1,1,0
677,2024,learnt_recently,0,0,0,1,0,1,1,0
678,2024,learn_more,0,0,0,0,1,1,1,0
678,2024,learnt_recently,0,0,0,0,1,1,1,0
679,2024,learn_more,1,0,0,0,0,1,1,0
679,2024,learnt_recently,0,0,0,1,0,1,1,0
680,2024,learn_more,0,0,1,0,0,1,1,0
680,2024,learnt_recently,0,1,0,0,0,1,1,0
681,2024,learn_more,0,0,0,1,0,1,1,0
681,2024,learnt_recently,0,0,0,1,0,1,1,0
682,2024,learn_more,0,0,0,1,0,1,1,0
682,2024,learnt_recently,0,0,0,1,0,1,1,0
683,2024,learn_more,0,0,0,1,0,1,1,0
683,2024,learnt_recently,0,0,0,0,1,1,1,0
684,2024,learn_more,1,0,0,1,0,2,1,0
684,2024,learnt_recently,0,0,0,1,0,1,1,0
685,2024,learn_more,0,0,0,1,0,1,1,0
685,2024,learnt_recently,0,0,0,1,0,1,1,0
686,2023,learn_more,0,0,0,1,1,2,1,0
686,2023,learnt_recently,0,0,0,0,0,0,0,1
687,2024,learn_more,0,1,0,0,0,1,1,0
687,2024,learnt_recently,1,0,0,0,0,1,1,0
688,2024,learn_more,1,0,0,0,0,1,1,0
688,2024,learnt_recently,1,0,0,0,0,1,1,0
689,2024,learn_more,0,0,0,0,0,0,0,1
689,2024,learnt_recently,0,0,0,1,0,1,1,0
690,2024,learn_more,0,0,0,1,0,1,1,0
690,2024,learnt_recently,0,0,0,0,0,0,0,1
691,2024,learn_more,0,0,0,0,0,0,0,1
691,2024,learnt_recently,0,1,0,0,0,1,1,0
692,2024,learn_more,0,0,0,1,0,1,1,0
692,2024,learnt_recently,0,0,1,0,0,1,1,0
693,2024,learn_more,0,0,0,1,0,1,1,0
693,2024,learnt_recently,0,0,1,0,0,1,1,0
694,2024,learn_more,0,0,0,0,0,0,0,1
694,2024,learnt_recently,0,0,0,0,0,0,0,1
695,2024,learn_more,1,0,0,0,0,1,1,0
695,2024,learnt_recently,0,0,1,0,0,1,1,0
696,2024,learn_more,0,0,0,0,0,0,0,1
696,2024,learnt_recently,1,0,0,0,0,1,1,0
697,2024,learn_more,1,1,1,0,0,3,1,0
697,2024,learnt_recently,1,0,1,0,0,2,1,0
698,2024,learn_more,1,0,0,0,0,1,1,0
698,2024,learnt_recently,1,0,0,0,0,1,1,0
699,2024,learn_more,0,0,1,0,0,1,1,0
699,2024,learnt_recently,1,0,1,0,0,2,1,0
700,2024,learn_more,1,0,0,0,0,1,1,0
700,2024,learnt_recently,1,0,0,0,0,1,1,0
701,2024,learn_more,0,0,1,0,0,1,1,0
701,2024,learnt_recently,0,0,1,0,0,1,1,0
702,2024,learn_more,0,0,1,0,0,1,1,0
702,2024,learnt_recently,1,0,0,0,0,1,1,0
703,2024,learn_more,0,0,0,0,0,0,0,1
703,2024,learnt_recently,0,0,0,0,0,0,0,1
704,2024,learn_more,0,0,0,1,0,1,1,0
704,2024,learnt_recently,0,0,0,1,0,1,1,0
705,2024,learn_more,0,0,1,0,0,1,1,0
705,2024,learnt_recently,1,0,1,0,0,2,1,0
706,2023,learn_more,0,0,0,0,0,0,0,1
706,2023,learnt_recently,0,0,0,0,0,0,0,1
707,2023,learn_more,0,0,0,0,0,0,0,0
707,2023,learnt_recently,0,0,0,0,0,0,0,1
708,2023,learn_more,0,0,1,0,0,1,1,0
708,2023,learnt_recently,0,0,0,0,0,0,0,1
709,2023,learn_more,0,1,0,0,0,1,1,0
709,2023,learnt_recently,0,0,0,0,0,0,0,1
710,2023,learn_more,0,1,0,0,0,1,1,0
710,2023,learnt_recently,0,0,0,0,0,0,0,1
711,2023,learn_more,0,0,1,1,0,2,1,0
711,2023,learnt_recently,0,0,0,0,0,0,0,1
712,2023,learn_more,0,0,1,0,0,1,1,0
712,2023,learnt_recently,0,0,0,0,0,0,0,1
713,2023,learn_more,0,1,0,1,0,2,1,0
713,2023,learnt_recently,0,0,0,0,0,0,0,1
714,2023,learn_more,1,0,0,0,1,2,1,0
714,2023,learnt_recently,0,0,0,0,0,0,0,1
715,2023,learn_more,0,0,0,0,0,0,0,1
715,2023,learnt_recently,0,0,0,0,0,0,0,1
716,2023,learn_more,0,0,0,0,1,1,1,0
716,2023,learnt_recently,0,0,0,0,0,0,0,1
717,2023,learn_more,0,1,0,0,0,1,1,0
717,2023,learnt_recently,0,0,0,0,0,0,0,1
718,2023,learn_more,1,0,0,0,0,1,1,0
718,2023,learnt_recently,0,0,0,0,0,0,0,1
719,2023,learn_more,0,0,0,1,0,1,1,0
719,2023,learnt_recently,0,0,0,0,0,0,0,1
720,2023,learn_more,0,0,0,0,0,0,0,1
720,2023,learnt_recently,0,0,0,0,0,0,0,1
721,2023,learn_more,0,0,1,0,0,1,1,0
721,2023,learnt_recently,0,0,0,0,0,0,0,1
722,2023,learn_more,0,0,0,1,0,1,1,0
722,2023,learnt_recently,0,0,0,0,0,0,0,1
723,2023,learn_more,0,0,0,1,0,1,1,0
723,2023,learnt_recently,0,0,0,0,0,0,0,1
724,2023,learn_more,1,0,0,0,0,1,1,0
724,2023,learnt_recently,0,0,0,0,0,0,0,1
725,2023,learn_more,0,0,0,1,0,1,1,0
725,2023,learnt_recently,0,0,0,0,0,0,0,1
726,2023,learn_more,0,0,0,0,0,0,0,1
726,2023,learnt_recently,0,0,0,0,0,0,0,1
727,2023,learn_more,0,0,0,0,0,0,0,0
727,2023,learnt_recently,0,0,0,0,0,0,0,1
728,2023,learn_more,0,0,0,1,0,1,1,0
728,2023,learnt_recently,0,0,0,0,0,0,0,1
729,2023,learn_more,0,0,0,1,0,1,1,0
729,2023,learnt_recently,0,0,0,0,0,0,0,1
730,2023,learn_more,0,0,0,1,0,1,1,0
730,2023,learnt_recently,0,0,0,0,0,0,0,1
731,2023,learn_more,1,0,0,0,0,1,1,0
731,2023,learnt_recently,0,0,0,0,0,0,0,1
732,2023,learn_more,1,0,0,0,0,1,1,0
732,2023,learnt_recently,0,0,0,0,0,0,0,1
733,2023,learn_more,1,0,0,1,0,2,1,0
733,2023,learnt_recently,0,0,0,0,0,0,0,1
734,2023,learn_more,0,0,0,1,0,1,1,0
734,2023,learnt_recently,0,0,0,0,0,0,0,1
735,2023,learn_more,1,0,0,0,0,1,1,0
735,2023,learnt_recently,0,0,0,0,0,0,0,1
736,2023,learn_more,0,0,0,1,0,1,1,0
736,2023,learnt_recently,0,0,0,0,0,0,0,1
737,2023,learn_more,0,0,1,0,0,1,1,0
737,2023,learnt_recently,0,0,0,0,0,0,0,1
738,2023,learn_more,0,0,0,0,0,0,0,1
738,2023,learnt_recently,0,0,0,0,0,0,0,1
739,2023,learn_more,0,0,0,0,0,0,0,1
739,2023,learnt_recently,0,0,0,0,0,0,0,1
740,2023,learn_more,0,1,1,0,0,2,1,0
740,2023,learnt_recently,0,0,0,0,0,0,0,1
741,2023,learn_more,0,0,0,0,1,1,1,0
741,2023,learnt_recently,0,0,0,0,0,0,0,1
742,2023,learn_more,1,0,0,1,0,2,1,0
742,2023,learnt_recently,0,0,0,0,0,0,0,1
743,2023,learn_more,0,1,0,1,0,2,1,0
743,2023,learnt_recently,0,0,0,0,0,0,0,1
744,2023,learn_more,0,1,0,0,0,1,1,0
744,2023,learnt_recently,0,0,0,0,0,0,0,1
745,2023,learn_more,0,1,0,0,0,1,1,0
745,2023,learnt_recently,0,0,0,0,0,0,0,1
746,2023,learn_more,0,0,0,1,0,1,1,0
746,2023,learnt_recently,0,0,0,0,0,0,0,1
747,2023,learn_more,0,0,0,0,0,0,0,0
747,2023,learnt_recently,0,0,0,0,0,0,0,1
748,2023,learn_more,0,0,0,1,0,1,1,0
748,2023,learnt_recently,0,0,0,0,0,0,0,1
749,2024,learn_more,1,1,1,0,0,3,1,0
749,2024,learnt_recently,0,0,1,1,0,2,1,0
750,2024,learn_more,0,0,0,0,1,1,1,0
750,2024,learnt_recently,0,0,0,0,0,0,0,1
751,2023,learn_more,0,1,0,1,0,2,1,0
751,2023,learnt_recently,0,0,0,0,0,0,0,1
752,2024,learn_more,1,0,0,0,0,1,1,0
752,2024,learnt_recently,0,0,0,0,1,1,1,0
753,2024,learn_more,0,1,1,0,0,2,1,0
753,2024,learnt_recently,0,1,0,0,0,1,1,0
754,2024,learn_more,0,1,0,0,0,1,1,0
754,2024,learnt_recently,0,0,0,1,0,1,1,0
755,2024,learn_more,0,0,0,1,0,1,1,0
755,2024,learnt_recently,0,0,0,1,0,1,1,0
756,2023,learn_more,1,0,0,0,0,1,1,0
756,2023,learnt_recently,0,0,0,0,0,0,0,1
757,2023,learn_more,1,0,0,0,0,1,1,0
757,2023,learnt_recently,0,0,0,0,0,0,0,1
758,2024,learn_more,0,1,1,0,0,2,1,0
758,2024,learnt_recently,0,0,0,1,0,1,1,0
759,2023,learn_more,0,0,0,1,0,1,1,0
759,2023,learnt_recently,0,0,0,0,0,0,0,1
760,2023,learn_more,0,0,0,1,0,1,1,0
760,2023,learnt_recently,0,0,0,0,0,0,0,1
761,2024,learn_more,0,1,0,0,0,1,1,0
761,2024,learnt_recently,0,0,0,1,0,1,1,0
762,2024,learn_more,0,0,0,0,1,1,1,0
762,2024,learnt_recently,0,0,0,1,0,1,1,0
763,2024,learn_more,0,0,0,1,0,1,1,0
763,2024,learnt_recently,0,1,0,1,0,2,1,0
764,2024,learn_more,0,0,0,0,1,1,1,0
764,2024,learnt_recently,0,0,0,1,0,1,1,0
765,2023,learn_more,0,0,0,1,0,1,1,0
765,2023,learnt_recently,0,0,0,0,0,0,0,1
766,2023,learn_more,0,0,1,0,0,1,1,0
766,2023,learnt_recently,0,0,0,0,0,0,0,1
767,2023,learn_more,0,1,0,0,0,1,1,0
767,2023,learnt_recently,0,0,0,0,0,0,0,1
768,2023,learn_more,0,0,0,1,0,1,1,0
768,2023,learnt_recently,0,0,0,0,0,0,0,1
769,2023,learn_more,0,0,0,1,0,1,1,0
769,2023,learnt_recently,0,0,0,0,0,0,0,1
770,2023,learn_more,0,0,0,1,0,1,1,0
770,2023,learnt_recently,0,0,0,0,0,0,0,1
771,2023,learn_more,0,0,0,1,0,1,1,0
771,2023,learnt_recently,0,0,0,0,0,0,0,1
772,2023,learn_more,0,0,0,1,0,1,1,0
772,2023,learnt_recently,0,0,0,0,0,0,0,1
773,2023,learn_more,0,0,0,0,0,0,0,1
773,2023,learnt_recently,0,0,0,0,0,0,0,1
774,2023,learn_more,0,0,0,0,0,0,0,1
774,2023,learnt_recently,0,0,0,0,0,0,0,1
775,2023,learn_more,0,0,0,1,0,1,1,0
775,2023,learnt_recently,0,0,0,0,0,0,0,1
776,2023,learn_more,0,1,0,0,0,1,1,0
776,2023,learnt_recently,0,0,0,0,0,0,0,1
777,2023,learn_more,0,1,0,0,0,1,1,0
777,2023,learnt_recently,0,0,0,0,0,0,0,1
778,2023,learn_more,0,0,0,1,0,1,1,0
778,2023,learnt_recently,0,0,0,0,0,0,0,1
779,2023,learn_more,0,0,0,1,0,1,1,0
779,2023,learnt_recently,0,0,0,0,0,0,0,1
780,2023,learn_more,1,1,0,0,0,2,1,0
780,2023,learnt_recently,0,0,0,0,0,0,0,1
781,2023,learn_more,0,1,0,0,0,1,1,0
781,2023,learnt_recently,0,0,0,0,0,0,0,1
782,2023,learn_more,0,0,0,1,0,1,1,0
782,2023,learnt_recently,0,0,0,0,0,0,0,1
783,2023,learn_more,0,0,1,0,0,1,1,0
783,2023,learnt_recently,0,0,0,0,0,0,0,1
784,2023,learn_more,0,1,0,0,0,1,1,0
784,2023,learnt_recently,0,0,0,0,0,0,0,1
785,2024,learn_more,0,0,1,0,0,1,1,0
785,2024,learnt_recently,0,0,1,0,0,1,1,0
786,2024,learn_more,1,0,0,0,0,1,1,0
786,2024,learnt_recently,0,0,1,0,0,1,1,0
787,2023,learn_more,0,1,0,0,0,1,1,0
787,2023,learnt_recently,0,0,0,0,0,0,0,1
788,2024,learn_more,0,0,0,1,0,1,1,0
788,2024,learnt_recently,0,0,0,1,0,1,1,0
789,2024,learn_more,1,0,0,1,0,2,1,0
789,2024,learnt_recently,0,0,1,0,0,1,1,0
790,2024,learn_more,1,0,0,0,0,1,1,0
790,2024,learnt_recently,1,0,0,0,0,1,1,0
791,2024,learn_more,0,0,0,0,0,0,0,1
791,2024,learnt_recently,0,0,0,0,0,0,0,1
792,2023,learn_more,0,0,0,1,0,1,1,0
792,2023,learnt_recently,0,0,0,0,0,0,0,1
793,2024,learn_more,1,0,0,0,0,1,1,0
793,2024,learnt_recently,0,0,1,0,0,1,1,0
794,2023,learn_more,0,0,1,0,0,1,1,0
794,2023,learnt_recently,0,0,0,0,0,0,0,1
795,2024,learn_more,1,0,0,1,1,3,1,0
795,2024,learnt_recently,0,0,1,0,0,1,1,0
796,2024,learn_more,0,0,1,0,0,1,1,0
796,2024,learnt_recently,0,0,1,0,0,1,1,0
797,2023,learn_more,0,0,0,0,1,1,1,0
797,2023,learnt_recently,0,0,0,0,0,0,0,1
798,2023,learn_more,0,0,1,0,0,1,1,0
798,2023,learnt_recently,0,0,0,0,0,0,0,1
799,2024,learn_more,0,0,0,1,0,1,1,0
799,2024,learnt_recently,0,0,1,0,0,1,1,0
800,2024,learn_more,0,0,0,0,1,1,1,0
800,2024,learnt_recently,0,0,0,1,0,1,1,0
801,2023,learn_more,0,1,0,0,0,1,1,0
801,2023,learnt_recently,0,0,0,0,0,0,0,1
802,2024,learn_more,0,0,0,0,0,0,0,1
802,2024,learnt_recently,0,0,0,0,0,0,0,1
803,2024,learn_more,0,0,1,0,0,1,1,0
803,2024,learnt_recently,0,0,1,0,0,1,1,0
804,2024,learn_more,1,1,0,1,0,3,1,0
804,2024,learnt_recently,0,0,1,0,0,1,1,0
805,2024,learn_more,0,0,1,0,0,1,1,0
805,2024,learnt_recently,0,0,0,1,0,1,1,0
806,2024,learn_more,0,0,0,1,1,2,1,0
806,2024,learnt_recently,0,1,1,0,0,2,1,0
807,2023,learn_more,0,0,0,0,0,0,0,1
807,2023,learnt_recently,0,0,0,0,0,0,0,1
808,2024,learn_more,0,0,0,1,0,1,1,0
808,2024,learnt_recently,0,0,1,0,0,1,1,0
809,2024,learn_more,0,0,0,1,0,1,1,0
809,2024,learnt_recently,0,0,0,1,0,1,1,0
810,2024,learn_more,0,0,0,1,0,1,1,0
810,2024,learnt_recently,0,0,1,0,0,1,1,0
811,2023,learn_more,0,0,1,0,0,1,1,0
811,2023,learnt_recently,0,0,0,0,0,0,0,1
812,2024,learn_more,0,0,1,0,0,1,1,0
812,2024,learnt_recently,0,0,1,0,0,1,1,0
813,2024,learn_more,0,0,0,1,0,1,1,0
813,2024,learnt_recently,0,0,1,0,0,1,1,0
814,2024,learn_more,0,0,1,0,0,1,1,0
814,2024,learnt_recently,0,0,0,0,0,0,0,1
815,2024,learn_more,0,0,1,0,0,1,1,0
815,2024,learnt_recently,0,0,1,0,0,1,1,0
816,2023,learn_more,0,1,0,0,0,1,1,0
816,2023,learnt_recently,0,0,0,0,0,0,0,1
817,2024,learn_more,1,0,0,0,0,1,1,0
817,2024,learnt_recently,0,0,1,0,0,1,1,0
818,2023,learn_more,0,0,0,0,0,0,0,1
818,2023,learnt_recently,0,0,0,0,0,0,0,1
819,2024,learn_more,0,1,0,0,0,1,1,0
819,2024,learnt_recently,0,0,1,0,0,1,1,0
820,2024,learn_more,0,0,1,0,0,1,1,0
820,2024,learnt_recently,0,0,0,1,0,1,1,0
821,2024,learn_more,0,0,0,0,1,1,1,0
821,2024,learnt_recently,0,0,0,1,0,1,1,0
822,2024,learn_more,0,0,1,0,0,1,1,0
822,2024,learnt_recently,0,0,1,0,0,1,1,0
823,2024,learn_more,0,0,0,0,0,0,0,1
823,2024,learnt_recently,0,0,0,0,0,0,0,1
824,2024,learn_more,0,0,0,1,0,1,1,0
824,2024,learnt_recently,0,0,0,0,0,0,0,1
825,2024,learn_more,0,1,0,0,0,1,1,0
825,2024,learnt_recently,0,0,1,0,0,1,1,0
826,2024,learn_more,0,1,0,0,0,1,1,0
826,2024,learnt_recently,0,0,0,0,0,0,0,0
827,2023,learn_more,0,0,1,1,0,2,1,0
827,2023,learnt_recently,0,0,0,0,0,0,0,1
828,2024,learn_more,0,0,0,1,0,1,1,0
828,2024,learnt_recently,0,0,0,1,0,1,1,0
829,2024,learn_more,0,0,0,1,0,1,1,0
829,2024,learnt_recently,0,0,0,1,0,1,1,0
830,2024,learn_more,0,0,0,1,0,1,1,0
830,2024,learnt_recently,0,0,1,0,0,1,1,0
831,2023,learn_more,1,0,0,0,0,1,1,0
831,2023,learnt_recently,0,0,0,0,0,0,0,1
832,2024,learn_more,0,0,0,1,0,1,1,0
832,2024,learnt_recently,0,1,1,0,0,2,1,0
833,2023,learn_more,0,0,1,0,0,1,1,0
833,2023,learnt_recently,0,0,0,0,0,0,0,1
834,2024,learn_more,0,0,0,1,0,1,1,0
834,2024,learnt_recently,0,0,0,1,0,1,1,0
835,2023,learn_more,0,1,0,0,0,1,1,0
835,2023,learnt_recently,0,0,0,0,0,0,0,1
836,2024,learn_more,0,0,0,0,0,0,0,1
836,2024,learnt_recently,0,0,0,0,0,0,0,1
837,2024,learn_more,0,0,0,0,0,0,0,1
837,2024,learnt_recently,0,0,0,0,0,0,0,1
838,2024,learn_more,1,0,0,1,0,2,1,0
838,2024,learnt_recently,0,0,1,0,0,1,1,0
839,2024,learn_more,0,0,1,1,0,2,1,0
839,2024,learnt_recently,0,0,1,0,0,1,1,0
840,2024,learn_more,0,0,0,0,0,0,0,1
840,2024,learnt_recently,0,0,1,0,0,1,1,0
841,2023,learn_more,1,0,0,0,0,1,1,0
841,2023,learnt_recently,0,0,0,0,0,0,0,1
842,2024,learn_more,0,0,0,0,0,0,0,0
842,2024,learnt_recently,0,0,1,0,0,1,1,0
843,2024,learn_more,0,0,0,1,0,1,1,0
843,2024,learnt_recently,0,0,1,0,0,1,1,0
844,2023,learn_more,0,1,0,0,0,1,1,0
844,2023,learnt_recently,0,0,0,0,0,0,0,1
845,2023,learn_more,0,0,0,1,0,1,1,0
845,2023,learnt_recently,0,0,0,0,0,0,0,1
846,2024,learn_more,0,1,0,0,1,2,1,0
846,2024,learnt_recently,0,0,1,0,0,1,1,0
847,2024,learn_more,1,0,0,0,0,1,1,0
847,2024,learnt_recently,0,0,1,0,0,1,1,0
848,2023,learn_more,0,0,0,1,0,1,1,0
848,2023,learnt_recently,0,0,0,0,0,0,0,1
849,2024,learn_more,0,0,0,1,0,1,1,0
849,2024,learnt_recently,0,0,1,0,0,1,1,0
850,2024,learn_more,0,0,1,0,0,1,1,0
850,2024,learnt_recently,0,0,1,0,0,1,1,0
851,2024,learn_more,0,0,1,0,0,1,1,0
851,2024,learnt_recently,0,0,1,0,0,1,1,0
852,2024,learn_more,0,0,1,0,0,1,1,0
852,2024,learnt_recently,0,0,0,1,0,1,1,0
853,2024,learn_more,0,0,0,1,0,1,1,0
853,2024,learnt_recently,0,1,0,0,0,1,1,0
854,2023,learn_more,0,0,0,0,1,1,1,0
854,2023,learnt_recently,0,0,0,0,0,0,0,1
855,2023,learn_more,0,0,0,0,1,1,1,0
855,2023,learnt_recently,0,0,0,0,0,0,0,1
856,2023,learn_more,0,1,0,0,0,1,1,0
856,2023,learnt_recently,0,0,0,0,0,0,0,1
857,2023,learn_more,0,1,0,0,0,1,1,0
857,2023,learnt_recently,0,0,0,0,0,0,0,1
858,2023,learn_more,0,0,0,1,0,1,1,0
858,2023,learnt_recently,0,0,0,0,0,0,0,1
859,2023,learn_more,0,0,1,0,0,1,1,0
859,2023,learnt_recently,0,0,0,0,0,0,0,1
860,2023,learn_more,1,0,0,0,0,1,1,0
860,2023,learnt_recently,0,0,0,0,0,0,0,1
861,2023,learn_more,0,0,0,1,0,1,1,0
861,2023,learnt_recently,0,0,0,0,0,0,0,1
862,2023,learn_more,0,1,0,0,0,1,1,0
862,2023,learnt_recently,0,0,0,0,0,0,0,1
863,2023,learn_more,1,0,0,0,0,1,1,0
863,2023,learnt_recently,0,0,0,0,0,0,0,1
864,2023,learn_more,0,0,0,0,0,0,0,0
864,2023,learnt_recently,0,0,0,0,0,0,0,1
865,2023,learn_more,0,0,0,1,0,1,1,0
865,2023,learnt_recently,0,0,0,0,0,0,0,1
866,2023,learn_more,0,1,0,1,0,2,1,0
866,2023,learnt_recently,0,0,0,0,0,0,0,1
867,2023,learn_more,0,1,0,0,0,1,1,0
867,2023,learnt_recently,0,0,0,0,0,0,0,1
868,2023,learn_more,1,0,0,0,0,1,1,0
868,2023,learnt_recently,0,0,0,0,0,0,0,1
869,2023,learn_more,0,0,1,0,0,1,1,0
869,2023,learnt_recently,0,0,0,0,0,0,0,1
870,2023,learn_more,0,0,0,0,1,1,1,0
870,2023,learnt_recently,0,0,0,0,0,0,0,1
871,2023,learn_more,0,1,0,0,0,1,1,0
871,2023,learnt_recently,0,0,0,0,0,0,0,1
872,2023,learn_more,0,0,0,1,0,1,1,0
872,2023,learnt_recently,0,0,0,0,0,0,0,1
873,2023,learn_more,0,0,0,1,0,1,1,0
873,2023,learnt_recently,0,0,0,0,0,0,0,1
874,2023,learn_more,1,0,0,1,0,2,1,0
874,2023,learnt_recently,0,0,0,0,0,0,0,1
875,2023,learn_more,0,0,0,0,1,1,1,0
875,2023,learnt_recently,0,0,0,0,0,0,0,1
876,2023,learn_more,0,0,0,1,0,1,1,0
876,2023,learnt_recently,0,0,0,0,0,0,0,1
877,2023,learn_more,1,0,1,0,0,2,1,0
877,2023,learnt_recently,0,0,0,0,0,0,0,1
878,2023,learn_more,1,0,0,0,0,1,1,0
878,2023,learnt_recently,0,0,0,0,0,0,0,1
879,2023,learn_more,0,0,0,1,0,1,1,0
879,2023,learnt_recently,0,0,0,0,0,0,0,1
880,2023,learn_more,0,0,0,1,0,1,1,0
880,2023,learnt_recently,0,0,0,0,0,0,0,1
881,2023,learn_more,0,0,0,1,0,1,1,0
881,2023,learnt_recently,0,0,0,0,0,0,0,1
882,2023,learn_more,1,0,0,0,0,1,1,0
882,2023,learnt_recently,0,0,0,0,0,0,0,1
883,2023,learn_more,1,0,0,0,0,1,1,0
883,2023,learnt_recently,0,0,0,0,0,0,0,1
884,2023,learn_more,0,0,0,1,0,1,1,0
884,2023,learnt_recently,0,0,0,0,0,0,0,1
885,2023,learn_more,0,0,0,1,0,1,1,0
885,2023,learnt_recently,0,0,0,0,0,0,0,1
886,2023,learn_more,0,0,0,0,0,0,0,1
886,2023,learnt_recently,0,0,0,0,0,0,0,1
887,2023,learn_more,0,0,0,1,0,1,1,0
887,2023,learnt_recently,0,0,0,0,0,0,0,1
888,2023,learn_more,0,0,1,0,0,1,1,0
888,2023,learnt_recently,0,0,0,0,0,0,0,1
889,2023,learn_more,0,1,0,0,0,1,1,0
889,2023,learnt_recently,0,0,0,0,0,0,0,1
890,2023,learn_more,0,1,0,0,1,2,1,0
890,2023,learnt_recently,0,0,0,0,0,0,0,1
891,2023,learn_more,1,0,0,0,0,1,1,0
891,2023,learnt_recently,0,0,0,0,0,0,0,1
892,2023,learn_more,0,1,1,0,1,3,1,0
892,2023,learnt_recently,0,0,0,0,0,0,0,1
893,2023,learn_more,1,0,0,1,0,2,1,0
893,2023,learnt_recently,0,0,0,0,0,0,0,1
894,2023,learn_more,0,1,0,0,0,1,1,0
894,2023,learnt_recently,0,0,0,0,0,0,0,1
895,2023,learn_more,0,0,0,1,0,1,1,0
895,2023,learnt_recently,0,0,0,0,0,0,0,1
896,2023,learn_more,0,0,0,1,0,1,1,0
896,2023,learnt_recently,0,0,0,0,0,0,0,1
897,2023,learn_more,0,0,0,1,0,1,1,0
897,2023,learnt_recently,0,0,0,0,0,0,0,1
898,2023,learn_more,0,0,0,1,0,1,1,0
898,2023,learnt_recently,0,0,0,0,0,0,0,1
899,2023,learn_more,1,0,0,0,0,1,1,0
899,2023,learnt_recently,0,0,0,0,0,0,0,1
900,2023,learn_more,0,0,1,0,0,1,1,0
900,2023,learnt_recently,0,0,0,0,0,0,0,1
901,2023,learn_more,0,0,0,1,0,1,1,0
901,2023,learnt_recently,0,0,0,0,0,0,0,1
902,2024,learn_more,1,0,0,0,0,1,1,0
902,2024,learnt_recently,1,0,0,0,0,1,1,0
903,2024,learn_more,0,1,0,0,0,1,1,0
903,2024,learnt_recently,0,1,0,1,0,2,1,0
904,2024,learn_more,0,1,0,0,0,1,1,0
904,2024,learnt_recently,0,0,0,1,0,1,1,0
905,2024,learn_more,0,0,1,0,0,1,1,0
905,2024,learnt_recently,1,0,0,0,0,1,1,0
906,2024,learn_more,1,0,0,0,0,1,1,0
906,2024,learnt_recently,1,0,0,0,0,1,1,0
907,2023,learn_more,0,0,0,0,0,0,0,1
907,2023,learnt_recently,0,0,0,0,0,0,0,1
908,2023,learn_more,0,0,0,1,0,1,1,0
908,2023,learnt_recently,0,0,0,0,0,0,0,1
909,2023,learn_more,0,1,0,0,0,1,1,0
909,2023,learnt_recently,0,0,0,0,0,0,0,1
910,2023,learn_more,0,0,0,0,0,0,0,1
910,2023,learnt_recently,0,0,0,0,0,0,0,1
911,2023,learn_more,1,0,0,1,0,2,1,0
911,2023,learnt_recently,0,0,0,0,0,0,0,1
912,2024,learn_more,1,0,0,0,0,1,1,0
912,2024,learnt_recently,0,1,0,0,0,1,1,0
913,2024,learn_more,0,0,0,1,0,1,1,0
913,2024,learnt_recently,1,0,0,0,0,1,1,0
914,2024,learn_more,0,1,0,0,0,1,1,0
914,2024,learnt_recently,1,0,0,0,0,1,1,0
915,2024,learn_more,0,1,0,0,0,1,1,0
915,2024,learnt_recently,0,1,0,0,0,1,1,0
916,2023,learn_more,0,0,0,0,0,0,0,1
916,2023,learnt_recently,0,0,0,0,0,0,0,1
917,2023,learn_more,0,0,0,1,0,1,1,0
917,2023,learnt_recently,0,0,0,0,0,0,0,1
918,2024,learn_more,0,0,0,0,0,0,0,1
918,2024,learnt_recently,1,0,0,0,0,1,1,0
919,2024,learn_more,1,0,0,1,0,2,1,0
919,2024,learnt_recently,0,0,0,1,0,1,1,0
920,2024,learn_more,1,0,0,0,0,1,1,0
920,2024,learnt_recently,0,0,0,1,0,1,1,0
921,2024,learn_more,0,0,0,1,0,1,1,0
921,2024,learnt_recently,0,0,0,1,0,1,1,0
922,2024,learn_more,0,0,0,1,0,1,1,0
922,2024,learnt_recently,0,0,0,1,0,1,1,0
923,2024,learn_more,0,0,0,1,0,1,1,0
923,2024,learnt_recently,0,0,1,0,0,1,1,0
924,2024,learn_more,0,0,0,1,0,1,1,0
924,2024,learnt_recently,0,0,0,1,0,1,1,0
925,2024,learn_more,1,0,1,0,0,2,1,0
925,2024,learnt_recently,0,0,1,0,0,1,1,0
926,2024,learn_more,0,0,0,1,0,1,1,0
926,2024,learnt_recently,0,0,0,1,0,1,1,0
927,2024,learn_more,0,0,0,1,0,1,1,0
927,2024,learnt_recently,0,0,0,1,0,1,1,0
928,2024,learn_more,0,1,0,0,0,1,1,0
928,2024,learnt_recently,0,0,0,1,0,1,1,0
929,2024,learn_more,0,0,1,0,0,1,1,0
929,2024,learnt_recently,0,0,0,1,0,1,1,0
930,2024,learn_more,0,0,1,1,0,2,1,0
930,2024,learnt_recently,0,0,0,1,0,1,1,0
931,2024,learn_more,0,0,0,0,0,0,0,1
931,2024,learnt_recently,0,0,0,1,0,1,1,0
932,2024,learn_more,0,0,0,1,0,1,1,0
932,2024,learnt_recently,0,0,0,0,0,0,0,1
933,2024,learn_more,1,0,1,1,0,3,1,0
933,2024,learnt_recently,0,0,0,1,0,1,1,0
934,2024,learn_more,0,0,0,1,0,1,1,0
934,2024,learnt_recently,0,0,0,1,0,1,1,0
935,2024,learn_more,0,0,0,1,0,1,1,0
935,2024,learnt_recently,0,0,0,1,0,1,1,0
936,2024,learn_more,0,1,1,0,1,3,1,0
936,2024,learnt_recently,0,0,0,1,0,1,1,0
937,2024,learn_more,0,0,0,1,0,1,1,0
937,2024,learnt_recently,1,0,0,0,0,1,1,0
938,2024,learn_more,0,0,0,1,0,1,1,0
938,2024,learnt_recently,0,0,0,1,0,1,1,0
939,2024,learn_more,0,0,0,1,0,1,1,0
939,2024,learnt_recently,0,0,0,1,0,1,1,0
940,2024,learn_more,0,0,0,1,0,1,1,0
940,2024,learnt_recently,0,0,0,1,0,1,1,0
941,2024,learn_more,1,0,0,0,0,1,1,0
941,2024,learnt_recently,0,0,0,1,0,1,1,0
942,2024,learn_more,0,0,0,1,0,1,1,0
942,2024,learnt_recently,0,0,0,1,0,1,1,0
943,2024,learn_more,0,0,0,0,0,0,0,0
943,2024,learnt_recently,0,0,0,1,0,1,1,0
944,2024,learn_more,0,0,0,1,0,1,1,0
944,2024,learnt_recently,0,0,0,1,0,1,1,0
945,2024,learn_more,1,0,0,0,0,1,1,0
945,2024,learnt_recently,0,0,0,0,0,0,0,0
946,2024,learn_more,0,0,0,1,0,1,1,0
946,2024,learnt_recently,0,0,0,1,0,1,1,0
947,2024,learn_more,0,0,0,1,0,1,1,0
947,2024,learnt_recently,0,0,0,1,0,1,1,0
948,2024,learn_more,0,0,0,1,0,1,1,0
948,2024,learnt_recently,1,0,0,0,0,1,1,0
949,2024,learn_more,0,1,0,0,0,1,1,0
949,2024,learnt_recently,0,0,0,1,0,1,1,0
950,2024,learn_more,0,0,0,1,0,1,1,0
950,2024,learnt_recently,0,0,1,0,0,1,1,0
951,2024,learn_more,0,0,0,1,0,1,1,0
951,2024,learnt_recently,0,0,0,1,0,1,1,0
952,2024,learn_more,0,0,0,1,0,1,1,0
952,2024,learnt_recently,0,0,0,1,0,1,1,0
953,2024,learn_more,1,0,0,0,0,1,1,0
953,2024,learnt_recently,0,0,0,1,0,1,1,0
954,2024,learn_more,0,0,0,1,0,1,1,0
954,2024,learnt_recently,0,0,0,1,0,1,1,0
955,2024,learn_more,0,1,0,0,0,1,1,0
955,2024,learnt_recently,0,0,0,1,0,1,1,0
956,2024,learn_more,1,0,1,0,0,2,1,0
956,2024,learnt_recently,0,0,0,1,0,1,1,0
957,2024,learn_more,0,0,0,0,0,0,0,1
957,2024,learnt_recently,0,0,0,1,0,1,1,0
958,2024,learn_more,1,0,0,0,0,1,1,0
958,2024,learnt_recently,0,0,1,0,0,1,1,0
959,2024,learn_more,0,0,0,0,0,0,0,1
959,2024,learnt_recently,0,0,0,0,0,0,0,1
960,2024,learn_more,0,0,0,1,0,1,1,0
960,2024,learnt_recently,0,0,0,1,0,1,1,0
961,2024,learn_more,0,0,0,1,0,1,1,0
961,2024,learnt_recently,0,0,0,1,0,1,1,0
963,2023,learn_more,1,0,0,0,0,1,1,0
963,2023,learnt_recently,0,0,0,0,0,0,0,1
964,2023,learn_more,1,0,0,1,1,3,1,0
964,2023,learnt_recently,0,0,0,0,0,0,0,1
965,2023,learn_more,0,1,1,0,1,3,1,0
965,2023,learnt_recently,0,0,0,0,0,0,0,1
966,2023,learn_more,1,0,0,1,0,2,1,0
966,2023,learnt_recently,0,0,0,0,0,0,0,1
967,2023,learn_more,0,1,1,0,0,2,1,0
967,2023,learnt_recently,0,0,0,0,0,0,0,1
968,2024,learn_more,0,1,0,1,0,2,1,0
968,2024,learnt_recently,0,0,1,1,0,2,1,0
969,2023,learn_more,0,0,0,1,0,1,1,0
969,2023,learnt_recently,0,0,0,0,0,0,0,1
970,2023,learn_more,0,0,0,1,0,1,1,0
970,2023,learnt_recently,0,0,0,0,0,0,0,1
971,2023,learn_more,0,0,0,1,0,1,1,0
971,2023,learnt_recently,0,0,0,0,0,0,0,1
972,2023,learn_more,0,0,0,0,1,1,1,0
972,2023,learnt_recently,0,0,0,0,0,0,0,1
973,2023,learn_more,0,0,0,1,0,1,1,0
973,2023,learnt_recently,0,0,0,0,0,0,0,1
974,2023,learn_more,1,0,0,0,0,1,1,0
974,2023,learnt_recently,0,0,0,0,0,0,0,1
975,2023,learn_more,0,0,0,1,0,1,1,0
975,2023,learnt_recently,0,0,0,0,0,0,0,1
976,2023,learn_more,0,0,0,1,0,1,1,0
976,2023,learnt_recently,0,0,0,0,0,0,0,1
977,2023,learn_more,0,1,0,0,0,1,1,0
977,2023,learnt_recently,0,0,0,0,0,0,0,1
978,2023,learn_more,0,0,0,0,0,0,0,1
978,2023,learnt_recently,0,0,0,0,0,0,0,1
979,2023,learn_more,0,0,0,1,0,1,1,0
979,2023,learnt_recently,0,0,0,0,0,0,0,1
980,2023,learn_more,0,0,0,0,0,0,0,1
980,2023,learnt_recently,0,0,0,0,0,0,0,1
981,2023,learn_more,1,0,0,0,0,1,1,0
981,2023,learnt_recently,0,0,0,0,0,0,0,1
982,2023,learn_more,1,0,0,0,0,1,1,0
982,2023,learnt_recently,0,0,0,0,0,0,0,1
983,2023,learn_more,1,0,0,0,0,1,1,0
983,2023,learnt_recently,0,0,0,0,0,0,0,1
984,2023,learn_more,0,0,0,0,1,1,1,0
984,2023,learnt_recently,0,0,0,0,0,0,0,1
985,2023,learn_more,0,0,0,1,0,1,1,0
985,2023,learnt_recently,0,0,0,0,0,0,0,1
986,2023,learn_more,1,0,0,0,0,1,1,0
986,2023,learnt_recently,0,0,0,0,0,0,0,1
987,2023,learn_more,1,0,0,0,0,1,1,0
987,2023,learnt_recently,0,0,0,0,0,0,0,1
988,2023,learn_more,1,0,0,0,0,1,1,0
988,2023,learnt_recently,0,0,0,0,0,0,0,1
989,2023,learn_more,0,0,0,1,0,1,1,0
989,2023,learnt_recently,0,0,0,0,0,0,0,1
990,2023,learn_more,0,0,1,0,0,1,1,0
990,2023,learnt_recently,0,0,0,0,0,0,0,1
991,2023,learn_more,1,1,0,1,0,3,1,0
991,2023,learnt_recently,0,0,0,0,0,0,0,1
992,2023,learn_more,0,0,0,1,0,1,1,0
992,2023,learnt_recently,0,0,0,0,0,0,0,1
993,2023,learn_more,0,0,0,0,0,0,0,1
993,2023,learnt_recently,0,0,0,0,0,0,0,1
994,2023,learn_more,0,0,1,0,1,2,1,0
994,2023,learnt_recently,0,0,0,0,0,0,0,1
995,2024,learn_more,0,1,0,0,0,1,1,0
995,2024,learnt_recently,0,0,0,1,0,1,1,0
996,2024,learn_more,0,0,0,0,0,0,0,0
996,2024,learnt_recently,0,1,0,0,0,1,1,0
997,2024,learn_more,0,0,0,0,0,0,0,1
997,2024,learnt_recently,0,0,0,1,0,1,1,0
998,2024,learn_more,0,0,0,1,0,1,1,0
998,2024,learnt_recently,0,0,0,1,0,1,1,0
999,2024,learn_more,0,0,0,0,0,0,0,1
999,2024,learnt_recently,0,0,0,1,0,1,1,0
1000,2024,learn_more,0,0,0,1,0,1,1,0
1000,2024,learnt_recently,0,0,0,1,0,1,1,0
1001,2023,learn_more,0,1,0,0,0,1,1,0
1001,2023,learnt_recently,0,0,0,0,0,0,0,1
1002,2023,learn_more,0,1,0,0,0,1,1,0
1002,2023,learnt_recently,0,0,0,0,0,0,0,1
1003,2024,learn_more,0,0,0,0,0,0,0,1
1003,2024,learnt_recently,0,0,0,0,1,1,1,0
1004,2024,learn_more,1,0,0,0,0,1,1,0
1004,2024,learnt_recently,0,0,0,1,0,1,1,0
1005,2024,learn_more,0,0,0,1,0,1,1,0
1005,2024,learnt_recently,0,0,0,0,1,1,1,0
1006,2024,learn_more,0,0,0,0,0,0,0,1
1006,2024,learnt_recently,0,0,0,1,0,1,1,0
1007,2024,learn_more,0,1,0,0,0,1,1,0
1007,2024,learnt_recently,0,1,0,0,0,1,1,0
1008,2024,learn_more,0,1,0,0,0,1,1,0
1008,2024,learnt_recently,1,0,0,0,0,1,1,0
1009,2024,learn_more,0,0,0,1,0,1,1,0
1009,2024,learnt_recently,0,0,0,1,0,1,1,0
1010,2024,learn_more,1,0,1,0,0,2,1,0
1010,2024,learnt_recently,0,1,0,0,0,1,1,0
1011,2024,learn_more,0,0,1,1,0,2,1,0
1011,2024,learnt_recently,0,0,1,0,0,1,1,0
1012,2024,learn_more,0,1,0,0,0,1,1,0
1012,2024,learnt_recently,0,0,1,0,0,1,1,0
1013,2024,learn_more,0,1,0,1,0,2,1,0
1013,2024,learnt_recently,0,1,0,0,0,1,1,0
1014,2023,learn_more,1,0,0,1,0,2,1,0
1014,2023,learnt_recently,0,0,0,0,0,0,0,1
1015,2023,learn_more,1,0,0,1,0,2,1,0
1015,2023,learnt_recently,0,0,0,0,0,0,0,1
1016,2023,learn_more,1,0,0,1,0,2,1,0
1016,2023,learnt_recently,0,0,0,0,0,0,0,1
1017,2023,learn_more,1,0,0,1,0,2,1,0
1017,2023,learnt_recently,0,0,0,0,0,0,0,1
1018,2023,learn_more,1,1,0,1,0,3,1,0
1018,2023,learnt_recently,0,0,0,0,0,0,0,1
1019,2023,learn_more,1,0,0,0,0,1,1,0
1019,2023,learnt_recently,0,0,0,0,0,0,0,1
1020,2023,learn_more,0,0,0,0,0,0,0,1
1020,2023,learnt_recently,0,0,0,0,0,0,0,1
1021,2023,learn_more,0,0,0,0,0,0,0,0
1021,2023,learnt_recently,0,0,0,0,0,0,0,1
1022,2023,learn_more,1,0,1,0,0,2,1,0
1022,2023,learnt_recently,0,0,0,0,0,0,0,1
1023,2023,learn_more,0,0,0,0,1,1,1,0
1023,2023,learnt_recently,0,0,0,0,0,0,0,1
1024,2023,learn_more,0,0,0,0,0,0,0,1
1024,2023,learnt_recently,0,0,0,0,0,0,0,1
1025,2023,learn_more,0,0,0,1,0,1,1,0
1025,2023,learnt_recently,0,0,0,0,0,0,0,1
1026,2023,learn_more,0,0,0,0,0,0,0,1
1026,2023,learnt_recently,0,0,0,0,0,0,0,1
1027,2023,learn_more,0,0,1,0,0,1,1,0
1027,2023,learnt_recently,0,0,0,0,0,0,0,1
1028,2024,learn_more,0,0,0,1,0,1,1,0
1028,2024,learnt_recently,0,1,0,0,0,1,1,0
1029,2024,learn_more,0,0,0,0,0,0,0,0
1029,2024,learnt_recently,1,0,0,0,0,1,1,0
1030,2024,learn_more,0,0,1,0,0,1,1,0
1030,2024,learnt_recently,0,0,0,1,0,1,1,0
1031,2024,learn_more,1,0,0,0,0,1,1,0
1031,2024,learnt_recently,1,1,0,1,0,3,1,0
1032,2024,learn_more,0,0,0,1,0,1,1,0
1032,2024,learnt_recently,1,0,0,0,0,1,1,0
NA,2023,learn_more,0,0,0,1,0,1,1,0
NA,2023,learn_more,1,0,0,0,0,1,1,0
NA,2025,learn_more,1,0,0,1,0,2,1,0
NA,2025,learn_more,0,1,0,0,0,1,1,0
NA,2025,learn_more,1,0,0,0,0,1,1,0
NA,2025,learn_more,0,0,0,1,0,1,1,0
NA,2025,learn_more,0,0,0,0,0,0,0,1
NA,2025,learn_more,0,0,0,0,0,0,0,1
NA,2025,learn_more,0,0,0,1,0,1,1,0
NA,2025,learn_more,0,0,0,1,0,1,1,0
NA,2025,learn_more,0,0,0,0,0,0,0,1
NA,2023,learnt_recently,0,0,0,0,0,0,0,1
NA,2023,learnt_recently,0,0,0,0,0,0,0,1
NA,2025,learnt_recently,1,0,0,0,0,1,1,0
NA,2025,learnt_recently,1,0,0,0,0,1,1,0
NA,2025,learnt_recently,1,0,0,0,0,1,1,0
NA,2025,learnt_recently,1,0,0,0,0,1,1,0
NA,2025,learnt_recently,0,0,0,0,0,0,0,1
NA,2025,learnt_recently,0,0,1,0,0,1,1,0
NA,2025,learnt_recently,0,0,1,0,0,1,1,0
NA,2025,learnt_recently,1,0,0,0,0,1,1,0
NA,2025,learnt_recently,0,0,0,0,0,0,0,1
